name,league,position,minutes_played,goals,assists,expected_goals,goals_per90,assists_per90,goals_minus_xg
Viktor Gyökeres,Premier League,F,1878,10,0,8.3548,0.4792332268370607,0.0,1.6452000000000009
Bukayo Saka,Premier League,F,1911,6,3,6.8487,0.282574568288854,0.141287284144427,-0.8487
Gabriel Jesus,Premier League,F,306,2,0,1.7605,0.5882352941176471,0.0,0.23950000000000005
Gabriel Martinelli,Premier League,F,823,1,2,3.3406,0.10935601458080194,0.21871202916160387,-2.3406
Kai Havertz,Premier League,F,203,0,1,0.3077,0.0,0.4433497536945813,-0.3077
Eberechi Eze,Premier League,F,1414,6,2,3.596,0.38189533239038187,0.1272984441301273,2.404
Leandro Trossard,Premier League,F,1685,5,5,4.8222,0.26706231454005935,0.26706231454005935,0.1778000000000004
Martin Ødegaard,Premier League,M,1078,1,5,1.0108,0.08348794063079777,0.4174397031539889,-0.01079999999999992
Declan Rice,Premier League,M,2495,4,5,2.8169,0.14428857715430862,0.18036072144288576,1.1831
Noni Madueke,Premier League,M,847,2,1,0.9573,0.21251475796930341,0.10625737898465171,1.0427
Mikel Merino,Premier League,M,1007,4,3,2.9983,0.3574975173783515,0.26812313803376364,1.0017
Martín Zubimendi,Premier League,M,2530,5,1,2.6822,0.17786561264822134,0.03557312252964427,2.3178
Max Dowman,Premier League,M,36,0,0,0.1372,0.0,0.0,-0.1372
Christian Nørgaard,Premier League,M,63,0,0,0.0511,0.0,0.0,-0.0511
Gabriel Magalhães,Premier League,D,2076,3,4,1.8538,0.13005780346820808,0.17341040462427745,1.1462
William Saliba,Premier League,D,1985,1,0,0.8575,0.04534005037783375,0.0,0.14249999999999996
Piero Hincapié,Premier League,D,1488,1,1,0.3286,0.06048387096774194,0.06048387096774194,0.6714
Riccardo Calafiori,Premier League,D,1381,1,2,2.748,0.06517016654598116,0.13034033309196233,-1.7480000000000002
Jurriën Timber,Premier League,D,2419,3,5,4.7029,0.11161637040099215,0.18602728400165355,-1.7028999999999996
Myles Lewis-Skelly,Premier League,D,336,0,0,0.0516,0.0,0.0,-0.0516
Cristhian Mosquera,Premier League,D,626,0,0,,0.0,0.0,
Ben White,Premier League,D,420,0,1,0.436,0.0,0.2142857142857143,-0.436
David Raya,Premier League,G,2700,0,0,,0.0,0.0,
Erling Haaland,Premier League,F,2328,22,7,20.7065,0.8505154639175257,0.27061855670103097,1.2935000000000016
Omar Marmoush,Premier League,F,540,1,2,2.085,0.16666666666666669,0.33333333333333337,-1.085
Phil Foden,Premier League,M,1812,7,3,5.4693,0.347682119205298,0.1490066225165563,1.5307000000000004
Antoine Semenyo,Premier League,M,2514,15,4,9.7391,0.5369928400954653,0.1431980906921241,5.2608999999999995
Rodri,Premier League,M,1155,1,0,0.7617,0.07792207792207792,0.0,0.23829999999999996
Rayan Cherki,Premier League,M,1286,3,8,2.4149,0.2099533437013997,0.5598755832037325,0.5851000000000002
Jérémy Doku,Premier League,M,1200,1,4,1.8056,0.07500000000000001,0.30000000000000004,-0.8056000000000001
Bernardo Silva,Premier League,M,2183,1,4,1.4031,0.04122766834631241,0.16491067338524965,-0.4031
Savinho,Premier League,M,582,0,1,1.5342,0.0,0.15463917525773196,-1.5342
Rayan Aït-Nouri,Premier League,M,722,0,2,0.3686,0.0,0.24930747922437674,-0.3686
Tijjani Reijnders,Premier League,M,1488,5,2,3.9591,0.3024193548387097,0.12096774193548387,1.0409000000000002
Mateo Kovačić,Premier League,M,12,0,0,,0.0,0.0,
Nico González,Premier League,M,1375,1,0,0.571,0.06545454545454545,0.0,0.42900000000000005
Abdukodir Khusanov,Premier League,D,799,0,0,0.3259,0.0,0.0,-0.3259
Joško Gvardiol,Premier League,D,1304,2,2,2.3419,0.13803680981595093,0.13803680981595093,-0.34189999999999987
Rúben Dias,Premier League,D,2059,2,0,0.5644,0.08742107819329771,0.0,1.4356
Marc Guéhi,Premier League,D,2430,2,2,3.2017,0.07407407407407407,0.07407407407407407,-1.2017000000000002
John Stones,Premier League,D,363,0,0,,0.0,0.0,
Nathan Aké,Premier League,D,503,0,0,0.2759,0.0,0.0,-0.2759
Nico O'Reilly,Premier League,D,2044,4,3,3.412,0.1761252446183953,0.13209393346379647,0.5880000000000001
Matheus Nunes,Premier League,D,2177,1,4,0.2593,0.04134129536058796,0.16536518144235185,0.7407
Rico Lewis,Premier League,D,333,0,1,0.1119,0.0,0.2702702702702703,-0.1119
Max Alleyne,Premier League,D,135,0,0,0.259,0.0,0.0,-0.259
Gianluigi Donnarumma,Premier League,G,2340,0,0,,0.0,0.0,
James Trafford,Premier League,G,270,0,0,,0.0,0.0,
Amad Diallo,Premier League,F,1740,2,2,4.2933,0.10344827586206896,0.10344827586206896,-2.2933000000000003
Benjamin Šeško,Premier League,F,1298,8,1,6.853,0.5546995377503853,0.06933744221879816,1.1470000000000002
Matheus Cunha,Premier League,F,1903,6,2,5.6343,0.2837624802942722,0.09458749343142406,0.36570000000000036
Joshua Zirkzee,Premier League,F,550,2,1,2.3854,0.32727272727272727,0.16363636363636364,-0.3854000000000002
Bruno Fernandes,Premier League,M,2257,7,14,9.1091,0.27913159060700043,0.5582631812140009,-2.1090999999999998
Bryan Mbeumo,Premier League,M,2050,9,3,8.0858,0.3951219512195122,0.13170731707317074,0.9141999999999992
Casemiro,Premier League,M,1981,6,2,4.5439,0.2725896012115093,0.09086320040383644,1.4561000000000002
Kobbie Mainoo,Premier League,M,950,0,2,0.2363,0.0,0.18947368421052632,-0.2363
Mason Mount,Premier League,M,819,3,0,1.4878,0.32967032967032966,0.0,1.5122
Patrick Dorgu,Premier League,M,1349,3,3,1.8222,0.20014825796886582,0.20014825796886582,1.1778
Diogo Dalot,Premier League,M,2056,1,3,1.4225,0.04377431906614786,0.13132295719844359,-0.4225000000000001
Manuel Ugarte,Premier League,M,794,0,0,0.4906,0.0,0.0,-0.4906
Tyler Fletcher,Premier League,M,1,0,0,,0.0,0.0,
Noussair Mazraoui,Premier League,D,653,0,0,0.1733,0.0,0.0,-0.1733
Lisandro Martínez,Premier League,D,911,0,0,0.065,0.0,0.0,-0.065
Matthijs de Ligt,Premier League,D,1170,1,0,1.4559,0.07692307692307693,0.0,-0.45589999999999997
Harry Maguire,Premier League,D,1049,1,1,0.7827,0.08579599618684461,0.08579599618684461,0.21730000000000005
Leny Yoro,Premier League,D,1444,0,0,0.9376,0.0,0.0,-0.9376
Luke Shaw,Premier League,D,2446,0,1,0.5033,0.0,0.03679476696647588,-0.5033
Ayden Heaven,Premier League,D,660,0,1,0.3454,0.0,0.13636363636363635,-0.3454
Tyrell Malacia,Premier League,D,24,0,0,,0.0,0.0,
Tyler Fredricson,Premier League,D,10,0,0,,0.0,0.0,
Senne Lammens,Premier League,G,2070,0,0,,0.0,0.0,
Altay Bayındır,Premier League,G,540,0,0,,0.0,0.0,
Tammy Abraham,Premier League,F,168,1,0,1.2372,0.5357142857142857,0.0,-0.23720000000000008
Ollie Watkins,Premier League,F,2158,8,1,9.6855,0.3336422613531047,0.04170528266913809,-1.6854999999999993
Jadon Sancho,Premier League,M,704,0,1,0.5867,0.0,0.1278409090909091,-0.5867
Harvey Elliott,Premier League,M,117,0,0,0.291,0.0,0.0,-0.291
Morgan Rogers,Premier League,M,2590,8,5,5.2846,0.277992277992278,0.17374517374517376,2.7154
Douglas Luiz,Premier League,M,792,1,0,0.4908,0.11363636363636365,0.0,0.5092
Youri Tielemans,Premier League,M,1299,0,4,0.9934,0.0,0.27713625866050806,-0.9934
Emiliano Buendía,Premier League,M,1376,5,2,2.7363,0.3270348837209302,0.1308139534883721,2.2637
Leon Bailey,Premier League,M,284,0,1,0.2637,0.0,0.31690140845070425,-0.2637
Amadou Onana,Premier League,M,1399,2,0,1.0514,0.12866333095067906,0.0,0.9486000000000001
John McGinn,Premier League,M,1607,3,2,2.4717,0.16801493466085873,0.11200995644057249,0.5283000000000002
Boubacar Kamara,Premier League,M,1418,1,3,0.4904,0.06346967559943582,0.19040902679830748,0.5096
Ross Barkley,Premier League,M,257,1,0,0.5303,0.35019455252918286,0.0,0.4697
Alysson,Premier League,M,56,0,0,0.0455,0.0,0.0,-0.0455
Lamare Bogarde,Premier League,M,767,0,0,,0.0,0.0,
Matty Cash,Premier League,D,2356,3,2,1.0776,0.11460101867572157,0.07640067911714771,1.9224
Victor Lindelöf,Premier League,D,613,0,1,0.0312,0.0,0.1468189233278956,-0.0312
Ian Maatsen,Premier League,D,1257,0,0,1.0711,0.0,0.0,-1.0711
Lucas Digne,Premier League,D,1400,0,4,0.5627,0.0,0.2571428571428571,-0.5627
Pau Torres,Premier League,D,1299,0,0,0.5686,0.0,0.0,-0.5686
Ezri Konsa,Premier League,D,2496,0,0,1.013,0.0,0.0,-1.013
Tyrone Mings,Premier League,D,873,0,0,0.7134,0.0,0.0,-0.7134
Andrés García,Premier League,D,46,0,0,,0.0,0.0,
Emiliano Martínez,Premier League,G,2205,0,0,,0.0,0.0,
Marco Bizot,Premier League,G,405,0,0,,0.0,0.0,
Alejandro Garnacho,Premier League,F,997,1,4,2.9587,0.09027081243731194,0.36108324974924777,-1.9586999999999999
João Pedro,Premier League,F,2155,14,5,13.2042,0.5846867749419954,0.2088167053364269,0.7957999999999998
Marc Guiu,Premier League,F,258,0,1,1.4653,0.0,0.3488372093023256,-1.4653
Liam Delap,Premier League,F,758,1,0,3.6318,0.11873350923482849,0.0,-2.6318
Cole Palmer,Premier League,M,1246,9,1,8.2463,0.6500802568218299,0.07223113964686999,0.7537000000000003
Estêvão,Premier League,M,749,2,2,2.8314,0.24032042723631508,0.24032042723631508,-0.8313999999999999
Enzo Fernández,Premier League,M,2403,8,3,9.9626,0.299625468164794,0.11235955056179775,-1.9626000000000001
Moisés Caicedo,Premier League,M,2046,3,1,1.1903,0.13196480938416422,0.04398826979472141,1.8097
Pedro Neto,Premier League,M,2149,5,4,4.2919,0.20939972080037228,0.16751977664029782,0.7081
Andrey Santos,Premier League,M,995,0,0,1.7006,0.0,0.0,-1.7006
Jamie Gittens,Premier League,M,495,0,2,0.8183,0.0,0.36363636363636365,-0.8183
Roméo Lavia,Premier League,M,135,0,0,,0.0,0.0,
Reece James,Premier League,D,1806,2,4,0.8974,0.09966777408637874,0.19933554817275748,1.1026
Marc Cucurella,Premier League,D,1900,1,3,1.6429,0.04736842105263158,0.14210526315789473,-0.6429
Mamadou Sarr,Premier League,D,98,0,0,0.4359,0.0,0.0,-0.4359
Malo Gusto,Premier League,D,1654,2,3,1.4572,0.10882708585247883,0.16324062877871826,0.5428
Jorrel Hato,Premier League,D,559,0,0,0.3071,0.0,0.0,-0.3071
Wesley Fofana,Premier League,D,1105,0,1,0.4959,0.0,0.08144796380090498,-0.4959
Trevoh Chalobah,Premier League,D,2462,3,0,1.131,0.10966693744922827,0.0,1.869
Josh Acheampong,Premier League,D,587,1,0,0.6039,0.15332197614991483,0.0,0.3961
Benoît Badiashile,Premier League,D,471,0,0,,0.0,0.0,
Tosin Adarabioyo,Premier League,D,739,0,0,0.1073,0.0,0.0,-0.1073
Robert Sánchez,Premier League,G,2345,0,1,,0.0,0.038379530916844345,
Filip Jørgensen,Premier League,G,264,0,0,,0.0,0.0,
Alexander Isak,Premier League,F,519,2,1,2.047,0.3468208092485549,0.17341040462427745,-0.04700000000000015
Hugo Ekitiké,Premier League,F,1776,11,4,9.401,0.5574324324324325,0.20270270270270271,1.5990000000000002
Federico Chiesa,Premier League,F,340,2,1,1.3589,0.5294117647058824,0.2647058823529412,0.6411
Rio Ngumoha,Premier League,F,159,1,0,0.5561,0.5660377358490566,0.0,0.44389999999999996
Mohamed Salah,Premier League,M,1794,5,6,6.5271,0.2508361204013378,0.3010033444816054,-1.5271
Florian Wirtz,Premier League,M,1861,4,2,5.6976,0.19344438473938744,0.09672219236969372,-1.6976000000000004
Dominik Szoboszlai,Premier League,M,2423,4,3,3.6582,0.14857614527445318,0.11143210895583985,0.3418000000000001
Alexis Mac Allister,Premier League,M,2005,2,2,3.1413,0.08977556109725685,0.08977556109725685,-1.1413000000000002
Cody Gakpo,Premier League,M,1986,6,3,6.3687,0.2719033232628399,0.13595166163141995,-0.3686999999999996
Jeremie Frimpong,Premier League,M,641,0,1,0.4308,0.0,0.14040561622464898,-0.4308
Ryan Gravenberch,Premier League,M,2341,4,3,1.4133,0.1537804357112345,0.1153353267834259,2.5867
Wataru Endo,Premier League,M,206,0,1,0.0386,0.0,0.4368932038834951,-0.0386
Curtis Jones,Premier League,M,1260,0,1,2.0011,0.0,0.07142857142857142,-2.0011
Trey Nyoni,Premier League,M,14,0,0,0.3697,0.0,0.0,-0.3697
Virgil van Dijk,Premier League,D,2610,3,0,2.6574,0.10344827586206896,0.0,0.3426
Ibrahima Konaté,Premier League,D,2410,1,0,1.0617,0.03734439834024896,0.0,-0.06170000000000009
Miloš Kerkez,Premier League,D,1968,1,1,1.0388,0.04573170731707318,0.04573170731707318,-0.038799999999999946
Andrew Robertson,Premier League,D,679,0,0,0.219,0.0,0.0,-0.219
Conor Bradley,Premier League,D,932,0,1,0.241,0.0,0.09656652360515021,-0.241
Joe Gomez,Premier League,D,431,0,2,0.2293,0.0,0.4176334106728538,-0.2293
Alisson,Premier League,G,2160,0,0,,0.0,0.0,
Giorgi Mamardashvili,Premier League,G,450,0,0,,0.0,0.0,
Dango Ouattara,Premier League,F,1620,5,2,5.299,0.2777777777777778,0.1111111111111111,-0.2990000000000004
Igor Thiago,Premier League,F,2474,18,1,15.6162,0.6548100242522231,0.03637833468067906,2.383800000000001
Fabio Carvalho,Premier League,F,128,1,0,0.6992,0.703125,0.0,0.30079999999999996
Romelle Donovan,Premier League,F,38,0,0,0.0958,0.0,0.0,-0.0958
Jordan Henderson,Premier League,M,1651,1,3,0.3319,0.054512416717141125,0.1635372501514234,0.6681
Reiss Nelson,Premier League,M,66,0,0,0.6113,0.0,0.0,-0.6113
Mikkel Damsgaard,Premier League,M,1516,3,4,1.788,0.17810026385224276,0.23746701846965698,1.212
Kevin Schade,Premier League,M,2072,7,3,9.7857,0.30405405405405406,0.1303088803088803,-2.7857000000000003
Yehor Yarmolyuk,Premier League,M,2035,1,2,1.176,0.044226044226044224,0.08845208845208845,-0.17599999999999993
Antoni Milambo,Premier League,M,45,0,0,,0.0,0.0,
Vitaly Janelt,Premier League,M,1267,1,4,0.9081,0.07103393843725335,0.2841357537490134,0.09189999999999998
Mathias Jensen,Premier League,M,1501,2,1,1.9885,0.11992005329780146,0.05996002664890073,0.011500000000000066
Michael Kayode,Premier League,D,2454,0,0,0.27,0.0,0.0,-0.27
Sepp van den Berg,Premier League,D,2123,0,1,2.5087,0.0,0.04239284032030146,-2.5087
Nathan Collins,Premier League,D,2162,1,2,1.6109,0.041628122109158186,0.08325624421831637,-0.6109
Kristoffer Ajer,Premier League,D,1620,0,1,0.7805,0.0,0.05555555555555555,-0.7805
Keane Lewis-Potter,Premier League,D,1182,3,1,2.0434,0.22842639593908629,0.07614213197969542,0.9565999999999999
Ethan Pinnock,Premier League,D,231,0,0,,0.0,0.0,
Aaron Hickey,Premier League,D,617,0,0,0.4147,0.0,0.0,-0.4147
Rico Henry,Premier League,D,1334,0,1,0.1792,0.0,0.06746626686656672,-0.1792
Caoimhin Kelleher,Premier League,G,2520,0,0,,0.0,0.0,
Hákon Rafn Valdimarsson,Premier League,G,90,0,0,,0.0,0.0,
Tyrique George,Premier League,F,263,0,0,0.4435,0.0,0.0,-0.4435
Thierno Barry,Premier League,F,1632,6,0,6.1423,0.33088235294117646,0.0,-0.14229999999999965
Beto,Premier League,F,1091,4,0,6.4541,0.32997250229147573,0.0,-2.4541000000000004
Jack Grealish,Premier League,M,1631,2,6,2.1457,0.1103617412630288,0.33108522378908645,-0.14570000000000016
Iliman Ndiaye,Premier League,M,1977,5,3,4.5306,0.2276176024279211,0.13657056145675267,0.46940000000000026
Idrissa Gueye,Premier League,M,1672,2,1,1.4648,0.10765550239234449,0.053827751196172245,0.5351999999999999
Kiernan Dewsbury-Hall,Premier League,M,1834,6,3,3.0058,0.29443838604143946,0.14721919302071973,2.9942
Carlos Alcaraz,Premier League,M,696,0,1,1.1118,0.0,0.12931034482758622,-1.1118
James Garner,Premier League,M,2604,2,5,1.7534,0.06912442396313365,0.1728110599078341,0.24659999999999993
Tyler Dibling,Premier League,M,371,0,0,0.1993,0.0,0.0,-0.1993
Dwight McNeil,Premier League,M,796,0,1,0.7471,0.0,0.11306532663316583,-0.7471
Tim Iroegbunam,Premier League,M,1041,0,2,0.4267,0.0,0.1729106628242075,-0.4267
Merlin Röhl,Premier League,M,361,0,0,0.6411,0.0,0.0,-0.6411
Harrison Armstrong,Premier League,M,495,0,0,0.7874,0.0,0.0,-0.7874
Vitaliy Mykolenko,Premier League,D,2150,0,1,0.2937,0.0,0.04186046511627907,-0.2937
Jarrad Branthwaite,Premier League,D,500,1,0,0.2882,0.18,0.0,0.7118
James Tarkowski,Premier League,D,2610,1,1,2.2578,0.034482758620689655,0.034482758620689655,-1.2578
Michael Keane,Premier League,D,1973,3,0,1.8829,0.1368474404460213,0.0,1.1171
Jake O'Brien,Premier League,D,2376,0,1,0.864,0.0,0.03787878787878788,-0.864
Séamus Coleman,Premier League,D,12,0,0,,0.0,0.0,
Nathan Patterson,Premier League,D,265,0,0,0.029,0.0,0.0,-0.029
Jordan Pickford,Premier League,G,2610,0,0,,0.0,0.0,
Amine Adli,Premier League,F,948,3,1,2.5227,0.2848101265822785,0.09493670886075949,0.47730000000000006
Evanilson,Premier League,F,2026,6,0,7.3851,0.2665350444225074,0.0,-1.3851000000000004
Eli Junior Kroupi,Premier League,F,1071,8,0,4.8432,0.6722689075630253,0.0,3.1567999999999996
Enes Ünal,Premier League,F,189,1,0,1.3535,0.47619047619047616,0.0,-0.3534999999999999
Rayan,Premier League,M,452,2,1,0.8733,0.39823008849557523,0.19911504424778761,1.1267
Justin Kluivert,Premier League,M,920,2,0,2.2492,0.1956521739130435,0.0,-0.2492000000000001
Ben Gannon-Doak,Premier League,M,53,0,1,0.0863,0.0,1.6981132075471697,-0.0863
Alex Tóth,Premier League,M,97,0,0,0.0565,0.0,0.0,-0.0565
Tyler Adams,Premier League,M,1420,2,1,0.5319,0.1267605633802817,0.06338028169014084,1.4681
Alex Scott,Premier League,M,2140,2,1,3.2483,0.08411214953271029,0.042056074766355145,-1.2483
Marcus Tavernier,Premier League,M,1946,5,4,6.7242,0.23124357656731756,0.18499486125385406,-1.7241999999999997
David Brooks,Premier League,M,1038,1,2,4.5159,0.08670520231213873,0.17341040462427745,-3.5159000000000002
Ryan Christie,Premier League,M,582,1,0,1.4713,0.15463917525773196,0.0,-0.47130000000000005
Lewis Cook,Premier League,M,892,0,1,0.077,0.0,0.10089686098654709,-0.077
Marcos Senesi,Premier League,D,2480,0,4,1.2417,0.0,0.14516129032258066,-1.2417
Julio Soler,Premier League,D,34,0,0,,0.0,0.0,
Álex Jiménez,Premier League,D,1869,1,0,1.0796,0.04815409309791332,0.0,-0.0795999999999999
Bafodé Diakité,Premier League,D,1286,0,0,0.0185,0.0,0.0,-0.0185
Veljko Milosavljević,Premier League,D,375,0,0,0.1513,0.0,0.0,-0.1513
Adrien Truffert,Premier League,D,2570,0,2,0.4014,0.0,0.07003891050583658,-0.4014
James Hill,Premier League,D,1310,0,3,0.3924,0.0,0.20610687022900764,-0.3924
Adam Smith,Premier League,D,748,0,1,,0.0,0.12032085561497326,
Đorđe Petrović,Premier League,G,2610,0,0,,0.0,0.0,
Samuel Chukwueze,Premier League,F,748,3,4,1.6056,0.36096256684491984,0.48128342245989303,1.3944
Raúl Jiménez,Premier League,F,1923,8,3,10.0926,0.374414976599064,0.14040561622464898,-2.092599999999999
Rodrigo Muniz,Premier League,F,470,1,1,1.2908,0.19148936170212766,0.19148936170212766,-0.29079999999999995
Jonah Kusi-Asare,Premier League,F,54,0,0,,0.0,0.0,
Oscar Bobb,Premier League,M,654,0,1,0.51,0.0,0.13761467889908258,-0.51
Alex Iwobi,Premier League,M,1964,4,3,1.2797,0.18329938900203666,0.13747454175152748,2.7203
Emile Smith Rowe,Premier League,M,1473,3,0,4.2618,0.18329938900203666,0.0,-1.2618
Kevin,Premier League,M,904,1,1,1.114,0.09955752212389381,0.09955752212389381,-0.1140000000000001
Harry Wilson,Premier League,M,2100,9,6,4.6463,0.38571428571428573,0.2571428571428571,4.3537
Sander Berge,Premier League,M,2428,0,1,1.2863,0.0,0.03706754530477759,-1.2863
Saša Lukić,Premier League,M,1212,1,2,1.7605,0.07425742574257425,0.1485148514851485,-0.7605
Joshua King,Premier League,M,1002,0,1,1.5156,0.0,0.08982035928143711,-1.5156
Tom Cairney,Premier League,M,580,1,0,0.9395,0.15517241379310345,0.0,0.0605
Harrison Reed,Premier League,M,51,1,0,0.0365,1.7647058823529411,0.0,0.9635
Calvin Bassey,Premier League,D,1734,1,0,1.2882,0.051903114186851215,0.0,-0.2882
Antonee Robinson,Premier League,D,894,0,0,0.217,0.0,0.0,-0.217
Joachim Andersen,Premier League,D,2292,0,1,1.3096,0.0,0.03926701570680628,-1.3096
Timothy Castagne,Premier League,D,1159,0,0,1.0252,0.0,0.0,-1.0252
Ryan Sessegnon,Premier League,D,1609,2,1,1.165,0.11187072715972653,0.05593536357986326,0.835
Kenny Tete,Premier League,D,1712,1,0,0.9581,0.052570093457943924,0.0,0.04190000000000005
Issa Diop,Premier League,D,606,0,0,0.0194,0.0,0.0,-0.0194
Jorge Cuenca,Premier League,D,952,0,0,0.0501,0.0,0.0,-0.0501
Bernd Leno,Premier League,G,2610,0,0,,0.0,0.0,
Bertrand Traoré,Premier League,F,638,1,0,0.5182,0.14106583072100312,0.0,0.4818
Wilson Isidor,Premier League,F,1073,4,0,3.7419,0.33550792171481825,0.0,0.2581000000000002
Brian Brobbey,Premier League,F,1214,5,1,2.6312,0.37067545304777594,0.07413509060955518,2.3688
Eliezer Mayenda,Premier League,F,756,2,0,2.145,0.23809523809523808,0.0,-0.14500000000000002
Romaine Mundle,Premier League,F,412,0,0,0.8612,0.0,0.0,-0.8612
Granit Xhaka,Premier League,M,2093,1,5,0.5948,0.04300047778308648,0.2150023889154324,0.4052
Noah Sadiki,Premier League,M,2115,0,0,0.3908,0.0,0.0,-0.3908
Habib Diarra,Premier League,M,927,2,0,2.0187,0.19417475728155337,0.0,-0.01869999999999994
Chemsdine Talbi,Premier League,M,1153,3,1,1.3343,0.2341717259323504,0.07805724197745013,1.6657
Nilson Angulo,Premier League,M,264,0,0,0.4981,0.0,0.0,-0.4981
Enzo Le Fée,Premier League,M,2300,4,4,4.5432,0.1565217391304348,0.1565217391304348,-0.5431999999999997
Chris Rigg,Premier League,M,389,0,0,0.306,0.0,0.0,-0.306
Jocelin Ta Bi,Premier League,M,39,0,0,,0.0,0.0,
Reinildo Mandava,Premier League,D,1428,0,1,0.1459,0.0,0.06302521008403361,-0.1459
Nordi Mukiele,Premier League,D,2165,1,4,1.0051,0.04157043879907621,0.16628175519630484,-0.0051000000000001044
Omar Alderete,Premier League,D,2176,1,1,1.2588,0.04136029411764706,0.04136029411764706,-0.2587999999999999
Daniel Ballard,Premier League,D,1943,2,0,2.3336,0.09264024704065878,0.0,-0.3336000000000001
Lutsharel Geertruida,Premier League,D,1252,0,0,0.8097,0.0,0.0,-0.8097
Trai Hume,Premier League,D,2403,0,1,1.5415,0.0,0.03745318352059925,-1.5415
Dennis Cirkin,Premier League,D,297,0,0,,0.0,0.0,
Luke O'Nien,Premier League,D,138,0,0,,0.0,0.0,
Robin Roefs,Premier League,G,2520,0,0,,0.0,0.0,
Melker Ellborg,Premier League,G,90,0,0,,0.0,0.0,
Nick Woltemade,Premier League,F,1549,7,2,6.2587,0.40671400903808913,0.11620400258231116,0.7412999999999998
Yoane Wissa,Premier League,F,425,1,0,1.9403,0.2117647058823529,0.0,-0.9402999999999999
Anthony Gordon,Premier League,F,1567,4,2,7.1915,0.22973835354179964,0.11486917677089982,-3.1914999999999996
Anthony Elanga,Premier League,F,1149,0,1,1.3687,0.0,0.0783289817232376,-1.3687
Harvey Barnes,Premier League,F,1491,5,0,6.1079,0.3018108651911469,0.0,-1.1078999999999999
William Osula,Premier League,F,319,2,0,0.6927,0.5642633228840125,0.0,1.3073000000000001
Jacob Murphy,Premier League,F,1152,3,1,2.9333,0.234375,0.078125,0.06669999999999998
Bruno Guimarães,Premier League,M,2018,9,4,4.8223,0.40138751238850345,0.17839444995044598,4.1777
Sandro Tonali,Premier League,M,2045,0,2,1.5556,0.0,0.08801955990220048,-1.5556
Joelinton,Premier League,M,1576,2,1,2.0813,0.11421319796954314,0.05710659898477157,-0.08130000000000015
Lewis Miley,Premier League,M,1134,1,3,1.3393,0.07936507936507936,0.23809523809523808,-0.33929999999999993
Jacob Ramsey,Premier League,M,907,2,1,0.9268,0.19845644983461963,0.09922822491730982,1.0732
Joe Willock,Premier League,M,628,0,0,0.7994,0.0,0.0,-0.7994
Kieran Trippier,Premier League,D,1396,0,1,0.0823,0.0,0.06446991404011461,-0.0823
Malick Thiaw,Premier League,D,2208,4,0,3.5034,0.16304347826086957,0.0,0.49659999999999993
Valentino Livramento,Premier League,D,1049,0,1,0.1211,0.0,0.08579599618684461,-0.1211
Dan Burn,Premier League,D,1721,0,2,0.1899,0.0,0.10459035444509006,-0.1899
Lewis Hall,Premier League,D,1572,1,1,0.728,0.05725190839694657,0.05725190839694657,0.272
Sven Botman,Premier League,D,1064,1,1,1.2835,0.08458646616541353,0.08458646616541353,-0.2835000000000001
Fabian Schär,Premier League,D,1091,0,0,0.9829,0.0,0.0,-0.9829
Emil Krafth,Premier League,D,45,0,0,,0.0,0.0,
Alex Murphy,Premier League,D,1,0,0,,0.0,0.0,
Aaron Ramsdale,Premier League,G,643,0,0,,0.0,0.0,
Nick Pope,Premier League,G,1967,0,0,0.162,0.0,0.0,-0.162
Ismaïla Sarr,Premier League,F,1640,7,1,7.9698,0.38414634146341464,0.054878048780487805,-0.9698000000000002
Brennan Johnson,Premier League,F,1181,2,1,1.7671,0.15241320914479253,0.07620660457239627,0.2329000000000001
Jean-Philippe Mateta,Premier League,F,1914,8,0,11.9723,0.3761755485893417,0.0,-3.9723000000000006
Jørgen Strand Larsen,Premier League,F,1814,4,1,4.1575,0.19845644983461963,0.04961411245865491,-0.15749999999999975
Edward Nketiah,Premier League,F,416,2,0,1.77,0.4326923076923077,0.0,0.22999999999999998
Yéremy Pino,Premier League,F,1729,2,1,3.9284,0.10410641989589357,0.05205320994794679,-1.9284
Evann Guessand,Premier League,F,806,1,2,1.5171,0.11166253101736973,0.22332506203473945,-0.5170999999999999
Christantus Uche,Premier League,F,193,0,0,0.492,0.0,0.0,-0.492
Daniel Muñoz,Premier League,M,1781,3,2,1.9788,0.15160022459292533,0.10106681639528356,1.0212
Daichi Kamada,Premier League,M,1478,0,0,1.3912,0.0,0.0,-1.3912
Adam Wharton,Premier League,M,2144,0,5,1.2594,0.0,0.20988805970149252,-1.2594
Jefferson Lerma,Premier League,M,1164,0,2,0.9981,0.0,0.15463917525773196,-0.9981
Borna Sosa,Premier League,M,53,0,0,,0.0,0.0,
Tyrick Mitchell,Premier League,M,2579,1,1,1.0925,0.03489724699495929,0.03489724699495929,-0.09250000000000003
Will Hughes,Premier League,M,1244,0,0,1.0906,0.0,0.0,-1.0906
Justin Devenny,Premier League,M,638,1,0,2.6207,0.14106583072100312,0.0,-1.6206999999999998
Kaden Rodney,Premier League,M,9,0,0,,0.0,0.0,
Chadi Riad,Premier League,D,314,0,1,0.1062,0.0,0.28662420382165604,-0.1062
Maxence Lacroix,Premier League,D,2396,1,2,1.7929,0.037562604340567615,0.07512520868113523,-0.7928999999999999
Chris Richards,Premier League,D,2243,1,0,1.0766,0.04012483281319661,0.0,-0.0766
Jaydee Canvot,Premier League,D,637,0,0,0.7864,0.0,0.0,-0.7864
Nathaniel Clyne,Premier League,D,506,0,1,0.4306,0.0,0.17786561264822134,-0.4306
Dean Henderson,Premier League,G,2610,0,0,,0.0,0.0,
Charalampos Kostoulas,Premier League,F,319,2,1,1.7236,0.5642633228840125,0.28213166144200624,0.2764
Stefanos Tzimas,Premier League,F,164,1,1,0.4624,0.5487804878048781,0.5487804878048781,0.5376000000000001
Danny Welbeck,Premier League,F,1654,10,0,9.1719,0.5441354292623942,0.0,0.8280999999999992
Carlos Baleba,Premier League,M,1289,0,0,0.5347,0.0,0.0,-0.5347
Kaoru Mitoma,Premier League,M,1412,2,1,3.1713,0.1274787535410765,0.06373937677053824,-1.1713
Diego Gómez,Premier League,M,1766,5,0,4.7174,0.2548131370328426,0.0,0.2826000000000004
Yankuba Minteh,Premier League,M,1685,1,4,2.9023,0.05341246290801187,0.21364985163204747,-1.9022999999999999
Matt O'Riley,Premier League,M,186,1,0,1.2045,0.4838709677419355,0.0,-0.2044999999999999
Pascal Groß,Premier League,M,826,1,1,0.7289,0.1089588377723971,0.1089588377723971,0.2711
Georginio Rutter,Premier League,M,1611,2,2,2.3688,0.11173184357541899,0.11173184357541899,-0.3687999999999998
James Milner,Premier League,M,577,1,1,0.9525,0.1559792027729636,0.1559792027729636,0.04749999999999999
Yasin Ayari,Premier League,M,1713,3,2,2.546,0.1576182136602452,0.10507880910683012,0.4540000000000002
Jack Hinshelwood,Premier League,M,1008,1,2,1.2917,0.08928571428571427,0.17857142857142855,-0.29170000000000007
Solly March,Premier League,M,11,0,0,,0.0,0.0,
Harry Howell,Premier League,M,93,0,0,,0.0,0.0,
Ferdi Kadıoğlu,Premier League,D,2324,0,0,1.3988,0.0,0.0,-1.3988
Maxim De Cuyper,Premier League,D,1169,2,0,1.7056,0.15397775876817793,0.0,0.2944
Jan Paul van Hecke,Premier League,D,2401,3,2,2.0413,0.11245314452311538,0.07496876301541025,0.9586999999999999
Mats Wieffer,Premier League,D,1401,0,3,1.3875,0.0,0.19271948608137046,-1.3875
Lewis Dunk,Premier League,D,2385,0,0,1.1266,0.0,0.0,-1.1266
Igor Júlio,Premier League,D,122,0,0,,0.0,0.0,
Joël Veltman,Premier League,D,857,1,0,0.952,0.10501750291715285,0.0,0.04800000000000004
Olivier Boscagli,Premier League,D,459,0,1,0.0382,0.0,0.19607843137254904,-0.0382
Bart Verbruggen,Premier League,G,2610,0,0,,0.0,0.0,
Noah Okafor,Premier League,F,1282,4,0,4.2055,0.28081123244929795,0.0,-0.2054999999999998
Dominic Calvert-Lewin,Premier League,F,1939,10,1,10.5037,0.46415678184631254,0.04641567818463126,-0.5037000000000003
Wilfried Gnonto,Premier League,F,391,0,1,0.2751,0.0,0.23017902813299235,-0.2751
Lukas Nmecha,Premier League,F,779,6,1,6.2089,0.693196405648267,0.11553273427471115,-0.20889999999999986
Joël Piroe,Premier League,F,277,0,0,0.865,0.0,0.0,-0.865
Facundo Buonanotte,Premier League,M,74,0,0,0.0401,0.0,0.0,-0.0401
Ao Tanaka,Premier League,M,753,2,0,0.8272,0.2390438247011952,0.0,1.1728
Daniel James,Premier League,M,407,0,0,0.7045,0.0,0.0,-0.7045
Ilia Gruev,Premier League,M,1261,0,3,0.4399,0.0,0.2141157811260904,-0.4399
Brenden Aaronson,Premier League,M,1882,4,3,4.0503,0.19128586609989373,0.1434643995749203,-0.05030000000000001
Ethan Ampadu,Premier League,M,2313,1,1,1.7415,0.038910505836575876,0.038910505836575876,-0.7415
Sean Longstaff,Premier League,M,957,1,2,0.8523,0.09404388714733543,0.18808777429467086,0.14770000000000005
Anton Stach,Premier League,M,1962,4,3,2.434,0.1834862385321101,0.13761467889908258,1.5659999999999998
Jaka Bijol,Premier League,D,1149,1,1,0.7481,0.0783289817232376,0.0783289817232376,0.2519
Pascal Struijk,Premier League,D,2258,0,1,2.4869,0.0,0.03985828166519043,-2.4869
James Justin,Premier League,D,1106,1,1,0.7688,0.081374321880651,0.081374321880651,0.23119999999999996
Gabriel Gudmundsson,Premier League,D,2323,0,0,1.1039,0.0,0.0,-1.1039
Joe Rodon,Premier League,D,2367,2,0,1.2123,0.07604562737642585,0.0,0.7877000000000001
Sebastiaan Bornauw,Premier League,D,315,0,0,,0.0,0.0,
Jayden Bogle,Premier League,D,2282,1,1,2.0442,0.03943908851884312,0.03943908851884312,-1.0442
Sam Byram,Premier League,D,8,0,0,,0.0,0.0,
Lucas Perri,Premier League,G,1440,0,0,,0.0,0.0,
Karl Darlow,Premier League,G,1170,0,0,,0.0,0.0,
Richarlison,Premier League,F,1348,8,3,5.2325,0.5341246290801187,0.20029673590504452,2.7675
Randal Kolo Muani,Premier League,F,1197,1,0,1.6635,0.07518796992481203,0.0,-0.6635
Dominic Solanke,Premier League,F,600,3,0,1.6662,0.45,0.0,1.3338
Mathys Tel,Premier League,F,772,3,0,1.8302,0.34974093264248707,0.0,1.1698
Wilson Odobert,Premier League,F,990,0,2,1.9016,0.0,0.18181818181818182,-1.9016
Mohammed Kudus,Premier League,M,1545,2,5,1.9301,0.11650485436893204,0.29126213592233013,0.06990000000000007
Xavi Simons,Premier League,M,1542,1,4,2.2471,0.058365758754863814,0.23346303501945526,-1.2471
Pape Matar Sarr,Premier League,M,1150,2,3,1.4276,0.1565217391304348,0.2347826086956522,0.5724
Yves Bissouma,Premier League,M,463,0,0,0.3554,0.0,0.0,-0.3554
João Palhinha,Premier League,M,1779,3,2,1.3009,0.15177065767284992,0.10118043844856661,1.6991
Conor Gallagher,Premier League,M,582,0,1,0.5636,0.0,0.15463917525773196,-0.5636
Lucas Bergvall,Premier League,M,822,1,2,0.9615,0.10948905109489052,0.21897810218978103,0.03849999999999998
Rodrigo Bentancur,Premier League,M,1415,1,1,0.4734,0.0636042402826855,0.0636042402826855,0.5266
Archie Gray,Premier League,M,1224,2,2,1.2986,0.14705882352941177,0.14705882352941177,0.7014
Cristian Romero,Premier League,D,1712,4,1,1.2491,0.2102803738317757,0.052570093457943924,2.7508999999999997
Radu Drăguşin,Premier League,D,431,0,0,0.3225,0.0,0.0,-0.3225
Micky van de Ven,Premier League,D,2368,4,1,2.4957,0.15202702702702703,0.03800675675675676,1.5043000000000002
Pedro Porro,Premier League,D,1988,0,2,0.5579,0.0,0.09054325955734407,-0.5579
Destiny Udogie,Premier League,D,797,0,1,0.167,0.0,0.11292346298619824,-0.167
Djed Spence,Premier League,D,1698,0,0,0.8216,0.0,0.0,-0.8216
Kevin Danso,Premier League,D,767,0,0,0.1577,0.0,0.0,-0.1577
Souza,Premier League,D,88,0,0,,0.0,0.0,
Ben Davies,Premier League,D,138,1,0,0.4917,0.6521739130434783,0.0,0.5083
Guglielmo Vicario,Premier League,G,2610,0,0,,0.0,0.0,
Igor Jesus,Premier League,F,1683,2,3,4.4824,0.10695187165775402,0.16042780748663102,-2.4824
Chris Wood,Premier League,F,544,2,0,2.7679,0.33088235294117646,0.0,-0.7679
Lorenzo Lucca,Premier League,F,120,1,0,0.7157,0.75,0.0,0.2843
Taiwo Awoniyi,Premier League,F,235,1,0,0.9107,0.3829787234042553,0.0,0.08930000000000005
James McAtee,Premier League,M,179,0,0,0.0151,0.0,0.0,-0.0151
Ibrahim Sangaré,Premier League,M,1590,2,2,1.1464,0.11320754716981131,0.11320754716981131,0.8535999999999999
Callum Hudson-Odoi,Premier League,M,1644,3,2,2.719,0.16423357664233576,0.10948905109489052,0.28100000000000014
Elliot Anderson,Premier League,M,2597,2,2,2.417,0.0693107431651906,0.0693107431651906,-0.4169999999999998
Morgan Gibbs-White,Premier League,M,2483,8,2,7.7442,0.2899718082964156,0.0724929520741039,0.2557999999999998
Dan Ndoye,Premier League,M,1120,1,1,1.0617,0.08035714285714285,0.08035714285714285,-0.06170000000000009
Omari Hutchinson,Premier League,M,1165,1,3,1.706,0.07725321888412016,0.23175965665236054,-0.706
Nicolás Domínguez,Premier League,M,896,1,0,1.091,0.10044642857142856,0.0,-0.09099999999999997
Dilane Bakwa,Premier League,M,343,0,1,0.5119,0.0,0.26239067055393583,-0.5119
Ryan Yates,Premier League,M,395,0,1,0.2138,0.0,0.22784810126582278,-0.2138
Murillo,Premier League,D,1821,1,0,0.5857,0.04942339373970346,0.0,0.4143
Nikola Milenković,Premier League,D,2610,0,0,0.8229,0.0,0.0,-0.8229
Ola Aina,Premier League,D,1141,0,0,0.2739,0.0,0.0,-0.2739
Neco Williams,Premier League,D,2440,1,1,1.5185,0.036885245901639344,0.036885245901639344,-0.5185
Jair,Premier League,D,214,0,0,0.1555,0.0,0.0,-0.1555
Nicolò Savona,Premier League,D,1026,2,0,1.3398,0.17543859649122806,0.0,0.6601999999999999
Morato,Premier League,D,955,0,0,0.8298,0.0,0.0,-0.8298
Luca Netz,Premier League,D,48,0,0,,0.0,0.0,
Zach Abbott,Premier League,D,121,0,0,,0.0,0.0,
Stefan Ortega,Premier League,G,270,0,0,,0.0,0.0,
John Victor,Premier League,G,438,0,0,,0.0,0.0,
Matz Sels,Premier League,G,1857,0,0,,0.0,0.0,
Angus Gunn,Premier League,G,45,0,0,,0.0,0.0,
Adama Traoré,Premier League,F,362,0,0,0.3477,0.0,0.0,-0.3477
Valentín Castellanos,Premier League,F,746,2,0,2.5455,0.24128686327077747,0.0,-0.5455000000000001
Callum Wilson,Premier League,F,1008,5,1,6.5493,0.4464285714285714,0.08928571428571427,-1.5492999999999997
Pablo Felipe,Premier League,F,253,0,0,0.3334,0.0,0.0,-0.3334
Jarrod Bowen,Premier League,M,2599,8,5,6.0784,0.2770296267795306,0.17314351673720663,1.9215999999999998
Crysencio Summerville,Premier League,M,1864,5,1,4.2678,0.24141630901287553,0.048283261802575105,0.7321999999999997
Mateus Fernandes,Premier League,M,2219,3,3,1.2177,0.12167643082469581,0.12167643082469581,1.7823
Tomáš Souček,Premier League,M,1439,4,0,4.3746,0.2501737317581654,0.0,-0.37460000000000004
Soungoutou Magassa,Premier League,M,939,1,0,0.442,0.09584664536741215,0.0,0.558
Mohamadou Kanté,Premier League,M,57,0,0,0.0497,0.0,0.0,-0.0497
Oliver Scarles,Premier League,M,657,0,0,0.177,0.0,0.0,-0.177
Freddie Potts,Premier League,M,1099,0,1,0.2121,0.0,0.0818926296633303,-0.2121
Aaron Wan-Bissaka,Premier League,D,1733,0,2,,0.0,0.10386612810155799,
El Hadji Malick Diouf,Premier League,D,1917,0,5,0.4571,0.0,0.23474178403755872,-0.4571
Axel Disasi,Premier League,D,450,0,0,0.7007,0.0,0.0,-0.7007
Konstantinos Mavropanos,Premier League,D,1725,0,0,1.4645,0.0,0.0,-1.4645
Jean-Clair Todibo,Premier League,D,1610,0,1,0.2442,0.0,0.055900621118012424,-0.2442
Kyle Walker-Peters,Premier League,D,971,1,0,1.1305,0.09268795056642636,0.0,-0.13050000000000006
Max Kilman,Premier League,D,1565,0,0,0.5682,0.0,0.0,-0.5682
Ezra Mayers,Premier League,D,134,0,0,0.1188,0.0,0.0,-0.1188
Alphonse Aréola,Premier League,G,1800,0,1,,0.0,0.05,
Mads Hermansen,Premier League,G,810,0,0,,0.0,0.0,
Armando Broja,Premier League,F,818,1,1,2.1458,0.1100244498777506,0.1100244498777506,-1.1458
Lyle Foster,Premier League,F,1163,3,1,2.9528,0.23215821152192606,0.07738607050730868,0.04720000000000013
Zian Flemming,Premier League,F,1044,7,0,4.3883,0.603448275862069,0.0,2.6117
Loum Tchaouna,Premier League,F,880,1,0,0.8345,0.10227272727272727,0.0,0.16549999999999998
Jacob Bruun Larsen,Premier League,F,970,0,1,1.3572,0.0,0.09278350515463918,-1.3572
Hannibal Mejbri,Premier League,M,904,1,3,0.4925,0.09955752212389381,0.29867256637168144,0.5075000000000001
Lesley Ugochukwu,Premier League,M,1908,3,1,2.2512,0.14150943396226415,0.04716981132075472,0.7488000000000001
James Ward-Prowse,Premier League,M,569,0,1,0.1237,0.0,0.15817223198594024,-0.1237
Florentino Luís,Premier League,M,1665,0,2,0.5687,0.0,0.1081081081081081,-0.5687
Marcus Edwards,Premier League,M,875,1,3,1.4381,0.10285714285714287,0.30857142857142855,-0.43809999999999993
Jaidon Anthony,Premier League,M,1951,7,1,3.584,0.3229113275243465,0.04613018964633521,3.416
Mike Trésor,Premier League,M,40,0,0,,0.0,0.0,
Josh Cullen,Premier League,M,1519,2,2,0.9004,0.1184990125082291,0.1184990125082291,1.0996000000000001
Ashley Barnes,Premier League,M,66,0,0,0.1055,0.0,0.0,-0.1055
Josh Laurent,Premier League,M,1418,1,0,0.5859,0.06346967559943582,0.0,0.4141
Kyle Walker,Premier League,D,2372,0,2,0.127,0.0,0.07588532883642496,-0.127
Axel Tuanzebe,Premier League,D,932,1,0,0.606,0.09656652360515021,0.0,0.394
Maxime Estève,Premier League,D,2241,0,0,0.6657,0.0,0.0,-0.6657
Bashir Humphreys,Premier League,D,1060,0,0,0.2155,0.0,0.0,-0.2155
Quilindschy Hartman,Premier League,D,1339,0,4,0.1865,0.0,0.26885735623599705,-0.1865
Lucas Pires,Premier League,D,1087,0,0,0.3182,0.0,0.0,-0.3182
Hjalmar Ekdal,Premier League,D,1179,0,0,0.211,0.0,0.0,-0.211
Joe Worrall,Premier League,D,501,0,0,0.08,0.0,0.0,-0.08
Martin Dúbravka,Premier League,G,2610,0,0,,0.0,0.0,
Hee-Chan Hwang,Premier League,F,1155,2,1,2.1107,0.15584415584415584,0.07792207792207792,-0.11070000000000002
Tolu Arokodare,Premier League,F,1244,2,1,4.0442,0.14469453376205788,0.07234726688102894,-2.0442
Mateus Mané,Premier League,F,1246,2,1,1.3368,0.14446227929373998,0.07223113964686999,0.6632
Adam Armstrong,Premier League,F,482,0,2,0.1813,0.0,0.37344398340248963,-0.1813
Jean-Ricner Bellegarde,Premier League,M,1015,1,0,0.9772,0.08866995073891625,0.0,0.022800000000000042
João Gomes,Premier League,M,2219,1,0,1.1477,0.040558810274898605,0.0,-0.14769999999999994
André,Premier League,M,2046,1,0,0.3401,0.04398826979472141,0.0,0.6598999999999999
Angel Gomes,Premier League,M,257,0,0,0.0541,0.0,0.0,-0.0541
Jackson Tchatchoua,Premier League,M,1617,0,1,0.2567,0.0,0.05565862708719852,-0.2567
Rodrigo Gomes,Premier League,M,610,3,0,1.698,0.4426229508196722,0.0,1.302
Tom Edozie,Premier League,M,15,1,0,0.1648,6.0,0.0,0.8351999999999999
Pedro Lima,Premier League,D,10,0,0,,0.0,0.0,
Yerson Mosquera,Premier League,D,1621,0,0,1.5759,0.0,0.0,-1.5759
Ladislav Krejčí,Premier League,D,1950,2,1,1.9637,0.09230769230769231,0.046153846153846156,0.0363
Matt Doherty,Premier League,D,706,0,0,0.0893,0.0,0.0,-0.0893
Santiago Bueno,Premier League,D,1833,2,1,1.6396,0.09819967266775777,0.049099836333878884,0.36040000000000005
Hugo Bueno,Premier League,D,1867,1,1,0.4961,0.048205677557579,0.048205677557579,0.5039
Toti Gomes,Premier League,D,1043,0,0,0.2245,0.0,0.0,-0.2245
David Möller Wolfe,Premier League,D,856,0,2,0.1227,0.0,0.2102803738317757,-0.1227
José Sá,Premier League,G,1620,0,0,,0.0,0.0,
Sam Johnstone,Premier League,G,1080,0,0,,0.0,0.0,
Robert Lewandowski,LaLiga,F,1052,11,1,11.4607,0.9410646387832698,0.08555133079847908,-0.4606999999999992
Ferran Torres,LaLiga,F,1531,12,1,11.5413,0.705421293272371,0.05878510777269758,0.45870000000000033
Roony Bardghji,LaLiga,F,337,1,1,1.2111,0.26706231454005935,0.26706231454005935,-0.21110000000000007
Lamine Yamal,LaLiga,M,1939,14,9,10.0265,0.6498194945848376,0.41774110366168127,3.9734999999999996
Raphinha,LaLiga,M,1127,8,3,7.1979,0.6388642413487134,0.2395740905057675,0.8021000000000003
Pedri,LaLiga,M,1318,2,7,1.4782,0.13657056145675267,0.4779969650986343,0.5218
Marcus Rashford,LaLiga,M,1329,4,6,5.8376,0.27088036117381487,0.4063205417607223,-1.8376000000000001
Pablo Gavi,LaLiga,M,66,0,1,,0.0,1.3636363636363638,
Frenkie de Jong,LaLiga,M,1496,1,4,1.1694,0.06016042780748663,0.24064171122994651,-0.1694
Dani Olmo,LaLiga,M,1396,6,6,6.0935,0.3868194842406877,0.3868194842406877,-0.0934999999999997
Fermín López,LaLiga,M,1212,5,7,4.9368,0.37128712871287123,0.5198019801980198,0.06320000000000014
Marc Bernal,LaLiga,M,377,2,1,0.7548,0.47745358090185674,0.23872679045092837,1.2452
Marc Casadó,LaLiga,M,813,0,1,0.4836,0.0,0.11070110701107011,-0.4836
Tomás Marqués,LaLiga,M,9,0,0,,0.0,0.0,
Pau Cubarsí,LaLiga,D,1926,1,0,0.5389,0.04672897196261682,0.0,0.46109999999999995
Jules Koundé,LaLiga,D,1911,1,3,1.6081,0.04709576138147567,0.141287284144427,-0.6081000000000001
Ronald Araújo,LaLiga,D,718,2,0,0.6184,0.25069637883008355,0.0,1.3816000000000002
Alejandro Balde,LaLiga,D,1519,0,2,0.3047,0.0,0.1184990125082291,-0.3047
João Cancelo,LaLiga,D,280,0,1,0.1025,0.0,0.3214285714285714,-0.1025
Andreas Christensen,LaLiga,D,406,0,0,0.0811,0.0,0.0,-0.0811
Eric García,LaLiga,D,2175,1,2,2.8828,0.041379310344827586,0.08275862068965517,-1.8828
Gerard Martín,LaLiga,D,1285,0,0,0.0454,0.0,0.0,-0.0454
Joan García,LaLiga,G,1890,0,0,,0.0,0.0,
Wojciech Szczęsny,LaLiga,G,540,0,0,,0.0,0.0,
Kylian Mbappé,LaLiga,F,2026,23,4,20.8007,1.0217176702862785,0.17769002961500494,2.199300000000001
Vinicius Júnior,LaLiga,F,2038,9,5,9.8519,0.39744847890088325,0.2208047105004907,-0.8519000000000005
Rodrygo,LaLiga,F,680,1,3,2.5827,0.1323529411764706,0.39705882352941174,-1.5827
Franco Mastantuono,LaLiga,F,784,1,0,2.1745,0.11479591836734693,0.0,-1.1745
Gonzalo García,LaLiga,F,663,4,0,3.8511,0.5429864253393666,0.0,0.1488999999999998
Jude Bellingham,LaLiga,M,1291,4,3,5.3467,0.278853601859024,0.209140201394268,-1.3467000000000002
Arda Güler,LaLiga,M,1748,3,8,4.3153,0.15446224256292906,0.41189931350114417,-1.3152999999999997
Federico Valverde,LaLiga,M,2161,2,7,1.8437,0.08329477093937993,0.2915316982878297,0.1563000000000001
Brahim Díaz,LaLiga,M,571,0,4,0.419,0.0,0.6304728546409808,-0.419
Eduardo Camavinga,LaLiga,M,1052,1,0,1.0604,0.08555133079847908,0.0,-0.06040000000000001
Aurélien Tchouaméni,LaLiga,M,2002,1,0,2.0128,0.04495504495504495,0.0,-1.0128
Dani Ceballos,LaLiga,M,482,0,0,0.0448,0.0,0.0,-0.0448
Jorge Cestero,LaLiga,M,12,0,0,,0.0,0.0,
César Palacios,LaLiga,M,25,0,0,0.1356,0.0,0.0,-0.1356
Manuel Ángel Morán,LaLiga,M,1,0,0,,0.0,0.0,
Trent Alexander-Arnold,LaLiga,D,643,0,2,0.148,0.0,0.27993779160186627,-0.148
Antonio Rüdiger,LaLiga,D,845,0,0,0.3576,0.0,0.0,-0.3576
Dean Huijsen,LaLiga,D,1409,1,2,1.8013,0.063875088715401,0.127750177430802,-0.8012999999999999
Daniel Carvajal,LaLiga,D,505,0,0,0.1561,0.0,0.0,-0.1561
Éder Militão,LaLiga,D,1002,1,1,1.366,0.08982035928143711,0.08982035928143711,-0.3660000000000001
Raúl Asencio,LaLiga,D,1346,2,0,1.0208,0.1337295690936107,0.0,0.9792000000000001
David Alaba,LaLiga,D,251,0,0,0.1903,0.0,0.0,-0.1903
Álvaro Carreras,LaLiga,D,1971,2,2,0.307,0.091324200913242,0.091324200913242,1.693
Ferland Mendy,LaLiga,D,91,0,0,,0.0,0.0,
Fran García,LaLiga,D,418,1,0,0.7065,0.21531100478468898,0.0,0.2935
Thibaut Courtois,LaLiga,G,2430,0,0,,0.0,0.0,
Julián Alvarez,LaLiga,F,1788,8,3,7.1475,0.40268456375838924,0.15100671140939598,0.8525
Antoine Griezmann,LaLiga,F,901,6,1,5.1888,0.5993340732519422,0.09988901220865705,0.8112000000000004
Ademola Lookman,LaLiga,F,256,1,0,1.2817,0.3515625,0.0,-0.28170000000000006
Alexander Sørloth,LaLiga,F,1464,10,0,7.0901,0.6147540983606558,0.0,2.9099000000000004
Thiago Almada,LaLiga,M,844,3,1,3.5005,0.31990521327014215,0.1066350710900474,-0.5005000000000002
Nicolás González,LaLiga,M,1168,3,0,3.317,0.23116438356164382,0.0,-0.31700000000000017
Giuliano Simeone,LaLiga,M,1763,3,5,4.4316,0.15314804310833807,0.25524673851389673,-1.4316000000000004
Alejandro Baena,LaLiga,M,986,2,2,1.6463,0.18255578093306288,0.18255578093306288,0.3536999999999999
Johnny Cardoso,LaLiga,M,713,0,0,0.0778,0.0,0.0,-0.0778
Pablo Barrios,LaLiga,M,1580,1,1,1.7035,0.056962025316455694,0.056962025316455694,-0.7035
Koke,LaLiga,M,1562,2,2,0.41,0.11523687580025607,0.11523687580025607,1.59
Obed Vargas,LaLiga,M,54,0,0,,0.0,0.0,
Rodrigo Mendoza,LaLiga,M,1007,1,0,0.7401,0.08937437934458788,0.0,0.2599
Nahuel Molina,LaLiga,D,927,0,1,0.0618,0.0,0.09708737864077668,-0.0618
Marcos Llorente,LaLiga,D,1755,0,4,1.7759,0.0,0.20512820512820512,-1.7759
Clément Lenglet,LaLiga,D,840,0,0,0.2016,0.0,0.0,-0.2016
Robin Le Normand,LaLiga,D,1290,1,0,0.4357,0.06976744186046512,0.0,0.5643
José María Giménez,LaLiga,D,993,0,1,1.737,0.0,0.09063444108761329,-1.737
Dávid Hancko,LaLiga,D,2029,0,2,0.993,0.0,0.08871365204534254,-0.993
Marc Pubill,LaLiga,D,776,0,1,0.1078,0.0,0.11597938144329897,-0.1078
Matteo Ruggeri,LaLiga,D,1235,0,3,0.1256,0.0,0.21862348178137653,-0.1256
Jan Oblak,LaLiga,G,2340,0,0,,0.0,0.0,
Juan Musso,LaLiga,G,90,0,0,,0.0,0.0,
Georges Mikautadze,LaLiga,F,1451,8,4,6.5358,0.4962095106822881,0.24810475534114404,1.4642
Nicolas Pépé,LaLiga,F,1690,3,4,6.0241,0.15976331360946744,0.21301775147928995,-3.0241
Gerard Moreno,LaLiga,F,755,7,0,3.7508,0.8344370860927153,0.0,3.2492
Ayoze Pérez,LaLiga,F,819,2,3,3.2801,0.21978021978021978,0.32967032967032966,-1.2801
Tani Oluwaseyi,LaLiga,F,646,2,1,3.2393,0.2786377708978328,0.1393188854489164,-1.2393
Alfon González,LaLiga,F,367,1,0,0.6882,0.24523160762942778,0.0,0.31179999999999997
Thomas Partey,LaLiga,M,731,0,0,0.3585,0.0,0.0,-0.3585
Pape Gueye,LaLiga,M,1440,4,2,2.922,0.25,0.125,1.0779999999999998
Tajon Buchanan,LaLiga,M,1457,6,1,1.81,0.37062457103637614,0.06177076183939602,4.1899999999999995
Alberto Moleiro,LaLiga,M,1800,9,4,4.8806,0.45,0.2,4.1194
Dani Parejo,LaLiga,M,1056,0,0,0.1687,0.0,0.0,-0.1687
Santi Comesaña,LaLiga,M,1715,3,3,3.5943,0.1574344023323615,0.1574344023323615,-0.5943
Carlos Maciá,LaLiga,M,77,0,0,0.0612,0.0,0.0,-0.0612
Hugo Lopez,LaLiga,M,55,0,0,,0.0,0.0,
Renato Veiga,LaLiga,D,1765,0,0,0.1732,0.0,0.0,-0.1732
Juan Foyth,LaLiga,D,936,0,0,0.1248,0.0,0.0,-0.1248
Santiago Mouriño,LaLiga,D,1703,1,2,0.9914,0.05284791544333529,0.10569583088667057,0.008600000000000052
Rafa Marín,LaLiga,D,1485,1,0,0.3522,0.06060606060606061,0.0,0.6477999999999999
Sergi Cardona,LaLiga,D,1488,0,3,0.7745,0.0,0.1814516129032258,-0.7745
Alexander Freeman,LaLiga,D,37,0,0,,0.0,0.0,
Alfonso Pedraza,LaLiga,D,1122,1,2,1.0871,0.08021390374331551,0.16042780748663102,-0.08709999999999996
Pau Navarro,LaLiga,D,1258,0,0,0.0221,0.0,0.0,-0.0221
Arnau Tenas,LaLiga,G,270,0,0,,0.0,0.0,
Luiz Júnior,LaLiga,G,2160,0,0,,0.0,0.0,
Cédric Bakambu,LaLiga,F,420,3,0,2.5742,0.6428571428571428,0.0,0.4258000000000002
Cucho Hernández,LaLiga,F,1841,8,3,8.3612,0.3910917979359044,0.14665942422596415,-0.3612000000000002
Chimy Ávila,LaLiga,F,335,1,0,1.5306,0.26865671641791045,0.0,-0.5306
Antony,LaLiga,M,1804,7,5,6.3362,0.3492239467849224,0.2494456762749446,0.6638000000000002
Abdessamad Ezzalzouli,LaLiga,M,1384,5,5,5.9089,0.32514450867052025,0.32514450867052025,-0.9089
Sofyan Amrabat,LaLiga,M,602,0,0,0.1391,0.0,0.0,-0.1391
Isco,LaLiga,M,30,0,1,0.082,0.0,3.0,-0.082
Giovani Lo Celso,LaLiga,M,1098,2,2,2.4049,0.16393442622950818,0.16393442622950818,-0.40490000000000004
Rodrigo Riquelme,LaLiga,M,663,0,1,1.8727,0.0,0.13574660633484165,-1.8727
Nelson Deossa,LaLiga,M,598,0,0,0.4143,0.0,0.0,-0.4143
Álvaro Fidalgo,LaLiga,M,360,1,0,0.4733,0.25,0.0,0.5267
Pablo Fornals,LaLiga,M,2128,6,4,3.2793,0.2537593984962406,0.16917293233082706,2.7207
Marc Roca,LaLiga,M,1537,0,1,1.1104,0.0,0.058555627846454135,-1.1104
Sergi Altimira,LaLiga,M,909,1,1,0.2157,0.099009900990099,0.099009900990099,0.7843
Héctor Bellerín,LaLiga,D,1100,0,2,0.1461,0.0,0.16363636363636364,-0.1461
Natan,LaLiga,D,2077,0,0,0.3071,0.0,0.0,-0.3071
Junior Firpo,LaLiga,D,609,0,1,0.4604,0.0,0.14778325123152708,-0.4604
Valentín Gómez,LaLiga,D,1217,1,0,0.6783,0.07395234182415776,0.0,0.3217
Marc Bartra,LaLiga,D,1682,1,0,0.4123,0.0535077288941736,0.0,0.5877
Ricardo Rodríguez,LaLiga,D,1212,0,1,0.0991,0.0,0.07425742574257425,-0.0991
Diego Llorente,LaLiga,D,538,1,0,0.7644,0.16728624535315983,0.0,0.23560000000000003
Aitor Ruibal,LaLiga,D,1350,4,1,2.9158,0.26666666666666666,0.06666666666666667,1.0842
Angel Ortiz,LaLiga,D,537,0,0,0.0351,0.0,0.0,-0.0351
Pau López,LaLiga,G,720,0,0,,0.0,0.0,
Álvaro Valles,LaLiga,G,1710,0,0,,0.0,0.0,
Iago Aspas,LaLiga,F,831,4,3,4.0853,0.4332129963898917,0.3249097472924188,-0.08530000000000015
Borja Iglesias,LaLiga,F,1415,11,2,8.8282,0.6996466431095407,0.127208480565371,2.1717999999999993
Ferran Jutglà,LaLiga,F,1034,4,1,3.8319,0.3481624758220503,0.08704061895551257,0.16809999999999992
Jones El-Abdellaoui,LaLiga,F,517,2,0,2.501,0.3481624758220503,0.0,-0.5009999999999999
Pablo Durán,LaLiga,F,970,2,2,2.8941,0.18556701030927836,0.18556701030927836,-0.8940999999999999
Ilaix Moriba,LaLiga,M,1788,0,1,1.0825,0.0,0.050335570469798654,-1.0825
Williot Swedberg,LaLiga,M,853,3,2,2.9895,0.3165298944900352,0.21101992966002342,0.010499999999999954
Óscar Mingueza,LaLiga,M,1427,1,3,0.6293,0.06306937631394534,0.18920812894183603,0.37070000000000003
Matías Vecino,LaLiga,M,81,0,0,0.0807,0.0,0.0,-0.0807
Fer López,LaLiga,M,417,0,0,0.1406,0.0,0.0,-0.1406
Hugo Álvarez,LaLiga,M,812,2,1,0.997,0.22167487684729065,0.11083743842364532,1.0030000000000001
Hugo Sotelo,LaLiga,M,911,0,1,0.0914,0.0,0.09879253567508232,-0.0914
Sergio Carreira,LaLiga,M,1825,2,1,1.3836,0.09863013698630137,0.049315068493150684,0.6164000000000001
Miguel Román,LaLiga,M,1310,1,0,0.9097,0.06870229007633588,0.0,0.09030000000000005
Marcos Alonso,LaLiga,D,1974,1,0,2.0018,0.04559270516717326,0.0,-1.0017999999999998
Joseph Aidoo,LaLiga,D,377,0,0,0.2417,0.0,0.0,-0.2417
Carl Starfelt,LaLiga,D,1403,0,0,0.5515,0.0,0.0,-0.5515
Javi Rodríguez,LaLiga,D,1764,0,0,0.5167,0.0,0.0,-0.5167
Mihailo Ristić,LaLiga,D,255,0,0,0.02,0.0,0.0,-0.02
Alvaro Núñez,LaLiga,D,1652,0,2,0.2353,0.0,0.1089588377723971,-0.2353
Javier Rueda,LaLiga,D,964,2,4,1.2677,0.18672199170124482,0.37344398340248963,0.7323
Carlos Domínguez,LaLiga,D,520,0,0,0.0702,0.0,0.0,-0.0702
Yoel Lago,LaLiga,D,335,0,0,,0.0,0.0,
Manu Fernández,LaLiga,D,720,0,0,0.0522,0.0,0.0,-0.0522
Ionuț Radu,LaLiga,G,2430,0,0,,0.0,0.0,
Roberto Fernández,LaLiga,F,1766,5,2,5.631,0.2548131370328426,0.10192525481313704,-0.6310000000000002
Cyril Ngonge,LaLiga,F,107,0,1,0.0834,0.0,0.8411214953271028,-0.0834
Kike García,LaLiga,F,1085,5,1,4.8655,0.4147465437788018,0.08294930875576037,0.13450000000000006
Charles Pickel,LaLiga,M,502,0,0,0.2869,0.0,0.0,-0.2869
Javi Puado,LaLiga,M,678,2,0,3.4729,0.2654867256637168,0.0,-1.4729
Edu Expósito,LaLiga,M,1678,1,6,1.6928,0.05363528009535161,0.3218116805721096,-0.6928000000000001
Pere Milla,LaLiga,M,1594,6,0,6.2169,0.33877038895859474,0.0,-0.21689999999999987
Tyrhys Dolan,LaLiga,M,1676,1,3,1.7392,0.053699284009546544,0.16109785202863963,-0.7392000000000001
Pol Lozano,LaLiga,M,1703,1,1,0.4144,0.05284791544333529,0.05284791544333529,0.5856
Ramón Terrats,LaLiga,M,532,1,1,0.7716,0.16917293233082706,0.16917293233082706,0.22840000000000005
Urko González,LaLiga,M,1645,0,1,0.5459,0.0,0.0547112462006079,-0.5459
Jofre Carreras,LaLiga,M,746,1,0,1.6944,0.12064343163538874,0.0,-0.6943999999999999
Antoniu Roca,LaLiga,M,126,0,0,0.1521,0.0,0.0,-0.1521
Omar El Hilali,LaLiga,D,1852,0,2,0.0074,0.0,0.09719222462203024,-0.0074
Carlos Romero,LaLiga,D,2130,5,2,2.0504,0.2112676056338028,0.08450704225352113,2.9496
Leandro Cabrera,LaLiga,D,2250,3,0,2.2415,0.12,0.0,0.7585000000000002
Clemens Riedel,LaLiga,D,881,0,1,0.128,0.0,0.1021566401816118,-0.128
Fernando Calero,LaLiga,D,1585,0,0,1.5791,0.0,0.0,-1.5791
Jose Salinas,LaLiga,D,244,0,0,,0.0,0.0,
Miguel Rubio,LaLiga,D,173,1,0,0.6522,0.5202312138728323,0.0,0.3478
Rubén Sánchez,LaLiga,D,484,0,0,0.0526,0.0,0.0,-0.0526
Marko Dmitrović,LaLiga,G,2340,0,0,,0.0,0.0,
Mikel Oyarzabal,LaLiga,F,2012,11,3,10.8152,0.49204771371769385,0.1341948310139165,0.1847999999999992
Orri Steinn Óskarsson,LaLiga,F,269,4,0,2.2235,1.3382899628252787,0.0,1.7765
Ander Barrenetxea,LaLiga,F,1191,3,3,1.9314,0.22670025188916876,0.22670025188916876,1.0686
Jon Karrikaburu,LaLiga,F,127,0,0,0.8976,0.0,0.0,-0.8976
Takefusa Kubo,LaLiga,M,1183,2,3,2.2793,0.1521555367709214,0.22823330515638207,-0.2793000000000001
Wesley,LaLiga,M,58,0,0,,0.0,0.0,
Luka Sučić,LaLiga,M,506,1,1,1.2,0.17786561264822134,0.17786561264822134,-0.19999999999999996
Arsen Zakharyan,LaLiga,M,383,0,0,0.5378,0.0,0.0,-0.5378
Sergio Gómez,LaLiga,M,1885,0,2,0.8575,0.0,0.09549071618037135,-0.8575
Yangel Herrera,LaLiga,M,415,0,0,0.4041,0.0,0.0,-0.4041
Carlos Soler,LaLiga,M,1438,4,2,1.9577,0.25034770514603616,0.12517385257301808,2.0423
Gonçalo Guedes,LaLiga,M,1545,6,4,2.9803,0.34951456310679613,0.23300970873786409,3.0197
Brais Méndez,LaLiga,M,1347,5,2,3.4474,0.33407572383073497,0.13363028953229397,1.5526
Beñat Turrientes,LaLiga,M,795,0,1,0.6167,0.0,0.11320754716981131,-0.6167
Jon Gorrotxategi,LaLiga,M,1867,1,3,0.7028,0.048205677557579,0.144617032672737,0.2972
Pablo Marín,LaLiga,M,1087,0,0,1.1523,0.0,0.0,-1.1523
Jon Aramburu,LaLiga,D,2053,1,0,1.4711,0.043838285435947394,0.0,-0.4711000000000001
Duje Ćaleta-Car,LaLiga,D,1417,1,0,1.0236,0.06351446718419196,0.0,-0.023600000000000065
Álvaro Odriozola,LaLiga,D,202,1,0,0.5154,0.44554455445544555,0.0,0.48460000000000003
Jon Martin,LaLiga,D,1530,0,0,1.0298,0.0,0.0,-1.0298
Igor Zubeldia,LaLiga,D,1755,0,1,0.2626,0.0,0.05128205128205128,-0.2626
Aihen Muñoz,LaLiga,D,700,0,0,0.4363,0.0,0.0,-0.4363
Aritz Elustondo,LaLiga,D,377,0,0,0.3311,0.0,0.0,-0.3311
Álex Remiro,LaLiga,G,2430,0,0,,0.0,0.0,
Martín Satriano,LaLiga,F,704,3,0,1.1018,0.38352272727272724,0.0,1.8982
Borja Mayoral,LaLiga,F,1044,4,1,2.9229,0.3448275862068965,0.08620689655172413,1.0771000000000002
Luis Vázquez,LaLiga,F,553,2,0,0.481,0.325497287522604,0.0,1.5190000000000001
Veljko Birmančević,LaLiga,F,14,0,0,0.0953,0.0,0.0,-0.0953
Adrian Liso,LaLiga,F,1419,3,0,1.8793,0.19027484143763215,0.0,1.1207
Juanmi,LaLiga,F,176,1,0,0.1483,0.5113636363636364,0.0,0.8517
Mario Martín,LaLiga,M,1537,2,0,1.1357,0.11711125569290827,0.0,0.8643000000000001
Luis Milla,LaLiga,M,2295,0,8,0.7211,0.0,0.3137254901960784,-0.7211
Mauro Arambarri,LaLiga,M,2386,5,2,4.7315,0.18860016764459347,0.07544006705783739,0.2685000000000004
Abu Kamara,LaLiga,M,198,0,0,0.3321,0.0,0.0,-0.3321
Javier Muñoz,LaLiga,M,493,0,0,0.3416,0.0,0.0,-0.3416
Álex Sancris,LaLiga,M,634,0,1,0.3336,0.0,0.14195583596214512,-0.3336
Hugo Solozábal,LaLiga,M,10,0,0,,0.0,0.0,
Abdelkabir Abqar,LaLiga,D,950,0,2,0.3026,0.0,0.18947368421052632,-0.3026
Djené,LaLiga,D,1870,0,0,0.1319,0.0,0.0,-0.1319
Ismael Bekhoucha,LaLiga,D,120,0,1,0.0163,0.0,0.75,-0.0163
Sebastián Boselli,LaLiga,D,136,0,0,0.2696,0.0,0.0,-0.2696
Zaid Romero,LaLiga,D,630,0,0,0.3364,0.0,0.0,-0.3364
Diego Rico,LaLiga,D,1653,0,0,0.3255,0.0,0.0,-0.3255
Allan Nyom,LaLiga,D,289,0,0,0.1758,0.0,0.0,-0.1758
Domingos Duarte,LaLiga,D,2053,0,0,0.7069,0.0,0.0,-0.7069
Juan Iglesias,LaLiga,D,2203,1,2,0.8983,0.04085338175215615,0.0817067635043123,0.10170000000000001
Kiko Femenía,LaLiga,D,1629,1,1,0.3596,0.055248618784530384,0.055248618784530384,0.6404000000000001
Davinchi,LaLiga,D,429,0,0,0.2136,0.0,0.0,-0.2136
Jorge Montes,LaLiga,D,26,0,0,,0.0,0.0,
David Soria,LaLiga,G,2430,0,0,,0.0,0.0,
Maroan Sannadi,LaLiga,F,254,1,0,1.0248,0.3543307086614173,0.0,-0.024799999999999933
Gorka Guruzeta,LaLiga,F,1586,6,1,7.7987,0.34047919293820933,0.05674653215636822,-1.7987000000000002
Urko Izeta,LaLiga,F,151,0,0,0.7887,0.0,0.0,-0.7887
Asier Hierro,LaLiga,F,33,0,0,0.0683,0.0,0.0,-0.0683
Nico Williams,LaLiga,M,1316,4,2,4.502,0.2735562310030395,0.13677811550151975,-0.5019999999999998
Iñaki Williams,LaLiga,M,1329,2,2,3.9881,0.13544018058690743,0.13544018058690743,-1.9881000000000002
Oihan Sancet,LaLiga,M,1358,2,0,5.4236,0.1325478645066274,0.0,-3.4236000000000004
Álex Berenguer,LaLiga,M,1592,2,3,3.2756,0.11306532663316583,0.16959798994974873,-1.2755999999999998
Mikel Jauregizar,LaLiga,M,2185,2,0,1.3461,0.08237986270022883,0.0,0.6538999999999999
Iñigo Ruiz de Galarreta,LaLiga,M,1575,1,1,0.6009,0.05714285714285714,0.05714285714285714,0.3991
Robert Navarro,LaLiga,M,847,5,1,3.467,0.5312868949232585,0.10625737898465171,1.533
Unai Gómez,LaLiga,M,620,1,1,1.536,0.14516129032258066,0.14516129032258066,-0.536
Beñat Prados,LaLiga,M,85,0,0,0.0269,0.0,0.0,-0.0269
Alejandro Rego,LaLiga,M,696,1,0,0.3813,0.12931034482758622,0.0,0.6187
Mikel Vesga,LaLiga,M,339,0,0,0.1287,0.0,0.0,-0.1287
Selton Sanchez,LaLiga,M,199,0,1,0.2664,0.0,0.45226130653266333,-0.2664
Nico Serrano,LaLiga,M,311,1,0,0.5763,0.28938906752411575,0.0,0.42369999999999997
Eder Garcia,LaLiga,M,36,0,0,0.0288,0.0,0.0,-0.0288
Aymeric Laporte,LaLiga,D,1310,0,1,0.6375,0.0,0.06870229007633588,-0.6375
Daniel Vivian,LaLiga,D,1918,0,0,1.0956,0.0,0.0,-1.0956
Adama Boiro,LaLiga,D,593,0,0,0.0188,0.0,0.0,-0.0188
Yuri Berchiche,LaLiga,D,1935,0,3,0.3175,0.0,0.13953488372093023,-0.3175
Aitor Paredes,LaLiga,D,1449,1,0,1.0141,0.062111801242236024,0.0,-0.014100000000000001
Jesús Areso,LaLiga,D,1354,0,1,0.1186,0.0,0.06646971935007386,-0.1186
Andoni Gorosabel,LaLiga,D,772,0,1,0.2132,0.0,0.11658031088082901,-0.2132
Íñigo Lekue,LaLiga,D,435,0,0,0.1287,0.0,0.0,-0.1287
Unai Simón,LaLiga,G,2430,0,0,,0.0,0.0,
Victor Muñoz,LaLiga,F,2099,4,2,4.2368,0.1715102429728442,0.0857551214864221,-0.23679999999999968
Ante Budimir,LaLiga,F,2032,13,0,11.0131,0.5757874015748031,0.0,1.9869000000000003
Raúl García de Haro,LaLiga,F,772,5,0,4.788,0.582901554404145,0.0,0.21199999999999974
Iker Benito,LaLiga,F,163,1,0,0.6042,0.5521472392638037,0.0,0.39580000000000004
Kike Barja,LaLiga,F,255,1,0,0.3273,0.3529411764705882,0.0,0.6727000000000001
Raúl Moro,LaLiga,M,301,0,2,0.0885,0.0,0.5980066445182725,-0.0885
Aimar Oroz,LaLiga,M,1489,0,2,1.239,0.0,0.12088650100738751,-1.239
Rubén García,LaLiga,M,1553,2,5,1.3892,0.1159047005795235,0.2897617514488087,0.6108
Jon Moncayola,LaLiga,M,2096,0,4,1.6827,0.0,0.17175572519083968,-1.6827
Lucas Torró,LaLiga,M,1802,0,1,1.1543,0.0,0.049944506104328525,-1.1543
Moi Gómez,LaLiga,M,945,0,1,0.3932,0.0,0.09523809523809525,-0.3932
Iker Muñoz,LaLiga,M,539,0,0,0.2055,0.0,0.0,-0.2055
Asier Osambela,LaLiga,M,291,1,0,0.428,0.30927835051546393,0.0,0.5720000000000001
Flavien Boyomo,LaLiga,D,1645,1,1,0.453,0.0547112462006079,0.0547112462006079,0.5469999999999999
Javi Galán,LaLiga,D,1018,0,1,0.166,0.0,0.08840864440078584,-0.166
Alejandro Catena,LaLiga,D,2205,2,2,2.3139,0.0816326530612245,0.0816326530612245,-0.31389999999999985
Valentin Rosier,LaLiga,D,1576,0,1,0.1658,0.0,0.05710659898477157,-0.1658
Abel Bretones,LaLiga,D,1421,1,0,0.6348,0.0633356790992259,0.0,0.36519999999999997
Jorge Herrando,LaLiga,D,1367,0,1,0.292,0.0,0.06583760058522312,-0.292
Juan Cruz,LaLiga,D,615,0,0,0.3909,0.0,0.0,-0.3909
Iñigo Arguibide,LaLiga,D,196,0,0,,0.0,0.0,
Sergio Herrera,LaLiga,G,2430,0,0,,0.0,0.0,
Lucas Beltrán,LaLiga,F,1099,1,2,2.6787,0.0818926296633303,0.1637852593266606,-1.6787
Arnaut Danjuma,LaLiga,F,1503,3,2,4.6052,0.17964071856287422,0.11976047904191617,-1.6052
Umar Sadiq,LaLiga,F,567,1,1,1.3417,0.15873015873015872,0.15873015873015872,-0.3416999999999999
Hugo Duro,LaLiga,F,1462,8,0,6.0404,0.49247606019151846,0.0,1.9596
Largie Ramazani,LaLiga,F,565,4,1,3.6852,0.6371681415929203,0.1592920353982301,0.31479999999999997
Dani Raba,LaLiga,F,283,0,1,0.2105,0.0,0.31802120141342755,-0.2105
Guido Rodríguez,LaLiga,M,318,0,0,0.1328,0.0,0.0,-0.1328
Javier Guerra,LaLiga,M,1356,1,3,1.6973,0.0663716814159292,0.19911504424778761,-0.6973
Pepelu,LaLiga,M,1709,2,0,3.5,0.1053247513165594,0.0,-1.5
Diego López,LaLiga,M,1315,3,0,2.2278,0.20532319391634982,0.0,0.7722000000000002
André Almeida,LaLiga,M,825,0,1,0.5535,0.0,0.10909090909090909,-0.5535
Luis Rioja,LaLiga,M,1839,2,4,1.762,0.09787928221859706,0.1957585644371941,0.238
Filip Ugrinić,LaLiga,M,984,0,3,0.7179,0.0,0.27439024390243905,-0.7179
Baptiste Santamaria,LaLiga,M,775,1,1,0.365,0.11612903225806452,0.11612903225806452,0.635
Mouctar Diakhaby,LaLiga,D,544,1,0,0.5319,0.16544117647058823,0.0,0.46809999999999996
José Luis Gayà,LaLiga,D,1796,1,1,0.6384,0.05011135857461024,0.05011135857461024,0.36160000000000003
César Tárrega,LaLiga,D,1697,0,0,0.2627,0.0,0.0,-0.2627
Thierry Correia,LaLiga,D,1149,0,1,0.2896,0.0,0.0783289817232376,-0.2896
Unai Núñez,LaLiga,D,412,0,0,0.1849,0.0,0.0,-0.1849
Eray Cömert,LaLiga,D,744,2,0,0.7906,0.24193548387096775,0.0,1.2094
Dimitri Foulquier,LaLiga,D,1157,0,0,0.5715,0.0,0.0,-0.5715
José Copete,LaLiga,D,1768,0,0,1.5385,0.0,0.0,-1.5385
Jesús Vázquez,LaLiga,D,675,0,0,0.2452,0.0,0.0,-0.2452
Julen Agirrezabala,LaLiga,G,1620,0,0,,0.0,0.0,
Stole Dimitrievski,LaLiga,G,810,0,0,,0.0,0.0,
Jorge de Frutos,LaLiga,F,1811,10,1,7.8717,0.4969630038652678,0.04969630038652679,2.1283000000000003
Alemão,LaLiga,F,657,1,0,1.7207,0.136986301369863,0.0,-0.7206999999999999
Carlos Martín,LaLiga,F,281,0,0,0.3304,0.0,0.0,-0.3304
Sergio Camello,LaLiga,F,461,0,0,0.9743,0.0,0.0,-0.9743
Randy Nteka,LaLiga,F,106,0,0,0.2184,0.0,0.0,-0.2184
Ilias Akhomach,LaLiga,M,663,0,0,1.6378,0.0,0.0,-1.6378
Pathé Ismaël Ciss,LaLiga,M,1345,1,0,1.7912,0.06691449814126393,0.0,-0.7911999999999999
Isi Palazón,LaLiga,M,1923,3,3,4.8165,0.14040561622464898,0.14040561622464898,-1.8164999999999996
Álvaro García,LaLiga,M,1809,4,4,6.0536,0.1990049751243781,0.1990049751243781,-2.0536000000000003
Pedro Díaz,LaLiga,M,1249,0,0,0.922,0.0,0.0,-0.922
Óscar Trejo,LaLiga,M,73,0,0,0.1663,0.0,0.0,-0.1663
Unai López,LaLiga,M,1192,0,3,0.6213,0.0,0.22651006711409394,-0.6213
Fran Pérez,LaLiga,M,979,2,1,1.6212,0.18386108273748725,0.09193054136874362,0.3788
Óscar Valentín,LaLiga,M,1514,1,0,1.0089,0.059445178335535004,0.0,-0.008899999999999908
Gerard Gumbau,LaLiga,M,689,0,1,0.2575,0.0,0.13062409288824384,-0.2575
Samu Becerra,LaLiga,M,11,0,0,,0.0,0.0,
Andrei Rațiu,LaLiga,D,2108,0,3,1.943,0.0,0.12808349146110057,-1.943
Nobel Mendy,LaLiga,D,1370,2,0,1.5787,0.1313868613138686,0.0,0.4213
Florian Lejeune,LaLiga,D,2421,0,0,1.3056,0.0,0.0,-1.3056
Luiz Felipe,LaLiga,D,401,0,0,0.3808,0.0,0.0,-0.3808
Iván Balliu,LaLiga,D,267,0,0,0.3289,0.0,0.0,-0.3289
Alfonso Espino,LaLiga,D,920,2,0,1.2458,0.1956521739130435,0.0,0.7542
Josep Chavarría,LaLiga,D,2015,1,2,0.4535,0.04466501240694789,0.08933002481389578,0.5465
Jozhua Vertrouwd,LaLiga,D,270,0,0,0.049,0.0,0.0,-0.049
Augusto Batalla,LaLiga,G,2430,0,0,,0.0,0.0,
Alexis Sánchez,LaLiga,F,930,3,1,2.425,0.2903225806451613,0.0967741935483871,0.5750000000000002
Akor Adams,LaLiga,F,1472,7,3,8.5894,0.42798913043478265,0.18342391304347824,-1.5893999999999995
Chidera Ejuke,LaLiga,F,658,1,1,1.2672,0.13677811550151975,0.13677811550151975,-0.2672000000000001
Neal Maupay,LaLiga,F,319,1,0,0.3922,0.28213166144200624,0.0,0.6078
Isaac Romero,LaLiga,F,1040,4,0,4.4029,0.34615384615384615,0.0,-0.4028999999999998
Gabriel Suazo,LaLiga,M,1429,0,1,0.4185,0.0,0.06298110566829951,-0.4185
Ruben Vargas,LaLiga,M,878,3,4,2.0367,0.30751708428246016,0.41002277904328016,0.9632999999999998
Lucien Agoumé,LaLiga,M,1940,1,2,0.6857,0.04639175257731959,0.09278350515463918,0.3143
Djibril Sow,LaLiga,M,1572,4,1,1.3457,0.22900763358778628,0.05725190839694657,2.6543
Nemanja Gudelj,LaLiga,M,1680,1,0,0.6556,0.053571428571428575,0.0,0.34440000000000004
Adnan Januzaj,LaLiga,M,320,0,0,0.2532,0.0,0.0,-0.2532
Batista Mendy,LaLiga,M,1479,1,0,1.068,0.060851926977687626,0.0,-0.06800000000000006
Juanlu Sánchez,LaLiga,M,1525,0,2,0.6698,0.0,0.1180327868852459,-0.6698
Peque Fernández,LaLiga,M,894,2,1,0.9674,0.20134228187919462,0.10067114093959731,1.0326
Joan Jordán,LaLiga,M,22,0,0,,0.0,0.0,
Manu Bueno,LaLiga,M,88,0,0,0.0321,0.0,0.0,-0.0321
Oso,LaLiga,M,688,0,2,0.6713,0.0,0.2616279069767442,-0.6713
Miguel Sierra,LaLiga,M,63,0,0,0.1798,0.0,0.0,-0.1798
César Azpilicueta,LaLiga,D,1001,0,1,,0.0,0.0899100899100899,
Tanguy Nianzou,LaLiga,D,540,0,0,0.2758,0.0,0.0,-0.2758
Marcão,LaLiga,D,943,0,0,0.7073,0.0,0.0,-0.7073
José Ángel Carmona,LaLiga,D,1910,1,3,0.6151,0.04712041884816755,0.14136125654450263,0.3849
Kike Salas,LaLiga,D,1308,1,0,0.9003,0.06880733944954129,0.0,0.09970000000000001
Federico Gattoni,LaLiga,D,9,0,0,,0.0,0.0,
Fábio Cardoso,LaLiga,D,298,0,0,,0.0,0.0,
Andres Castrin,LaLiga,D,649,0,0,0.2147,0.0,0.0,-0.2147
Odysseas Vlachodimos,LaLiga,G,2070,0,0,,0.0,0.0,
Ørjan Nyland,LaLiga,G,360,0,0,,0.0,0.0,
Vladyslav Vanat,LaLiga,F,1803,9,1,8.4375,0.4492512479201331,0.04991680532445924,0.5625
Cristhian Stuani,LaLiga,F,238,3,0,3.7092,1.134453781512605,0.0,-0.7092
Abel Ruíz,LaLiga,F,74,0,0,0.0862,0.0,0.0,-0.0862
Portu,LaLiga,F,473,0,0,1.3565,0.0,0.0,-1.3565
Claudio Echeverri,LaLiga,M,210,0,0,0.2251,0.0,0.0,-0.2251
Azzedine Ounahi,LaLiga,M,859,3,2,1.4667,0.31431897555296856,0.20954598370197905,1.5333
Axel Witsel,LaLiga,M,1642,1,2,2.1934,0.05481120584652862,0.10962241169305724,-1.1934
Donny van de Beek,LaLiga,M,41,0,0,0.0884,0.0,0.0,-0.0884
Thomas Lemar,LaLiga,M,979,2,1,1.8431,0.18386108273748725,0.09193054136874362,0.15690000000000004
Viktor Tsygankov,LaLiga,M,1665,5,2,4.6885,0.2702702702702703,0.1081081081081081,0.31149999999999967
Bryan Gil,LaLiga,M,1369,0,3,1.7587,0.0,0.19722425127830534,-1.7587
Iván Martín,LaLiga,M,1905,0,1,0.7595,0.0,0.047244094488188976,-0.7595
Fran Beltrán,LaLiga,M,979,1,0,0.5279,0.09193054136874362,0.0,0.47209999999999996
Lass Kourouma,LaLiga,M,64,0,0,,0.0,0.0,
Joel Roca,LaLiga,M,897,2,1,2.1438,0.20066889632107024,0.10033444816053512,-0.14380000000000015
Vitor Reis,LaLiga,D,2238,1,1,0.9123,0.040214477211796246,0.040214477211796246,0.0877
Daley Blind,LaLiga,D,2123,0,0,0.0937,0.0,0.0,-0.0937
Arnau Martínez,LaLiga,D,1778,1,1,0.7381,0.05061867266591676,0.05061867266591676,0.2619
Álex Moreno,LaLiga,D,1845,0,3,1.4368,0.0,0.14634146341463414,-1.4368
Alejandro Francés,LaLiga,D,543,0,1,0.4992,0.0,0.16574585635359115,-0.4992
David López,LaLiga,D,202,0,0,0.572,0.0,0.0,-0.572
Hugo Rincón,LaLiga,D,1448,0,1,0.8092,0.0,0.06215469613259668,-0.8092
Marc-André Ter Stegen,LaLiga,G,180,0,0,,0.0,0.0,
Paulo Gazzaniga,LaLiga,G,2113,0,0,,0.0,0.0,
Vladyslav Krapyvtsov,LaLiga,G,136,0,0,,0.0,0.0,
Mariano Díaz,LaLiga,F,295,0,0,0.2366,0.0,0.0,-0.2366
Lucas Boyé,LaLiga,F,1623,9,1,7.8542,0.49907578558225507,0.05545286506469501,1.1458000000000004
Toni Martínez,LaLiga,F,1777,5,2,6.1088,0.25323579065841306,0.10129431626336523,-1.1087999999999996
Aitor Mañas,LaLiga,F,76,0,0,0.2235,0.0,0.0,-0.2235
Diego Morcillo,LaLiga,F,9,0,0,0.4466,0.0,0.0,-0.4466
Youssef Enriquez Lekhedim,LaLiga,M,1088,0,1,0.7757,0.0,0.08272058823529412,-0.7757
Antonio Blanco,LaLiga,M,2141,1,1,0.7737,0.04203643157403082,0.04203643157403082,0.22629999999999995
Carles Aleñá,LaLiga,M,1694,0,4,2.5129,0.0,0.21251475796930341,-2.5129
Denis Suárez,LaLiga,M,1032,1,1,0.8313,0.0872093023255814,0.0872093023255814,0.16869999999999996
Abderrahman Rebbach,LaLiga,M,825,0,0,1.6076,0.0,0.0,-1.6076
Calebe Gonçalves,LaLiga,M,731,0,0,0.1321,0.0,0.0,-0.1321
Carlos Benavídez,LaLiga,M,255,0,0,0.2303,0.0,0.0,-0.2303
Pablo Ibáñez,LaLiga,M,1621,1,1,3.7052,0.05552128315854411,0.05552128315854411,-2.7052
Jon Guridi,LaLiga,M,650,0,0,1.0421,0.0,0.0,-1.0421
Ander Guevara,LaLiga,M,576,1,0,0.2031,0.15625,0.0,0.7968999999999999
Facundo Garcés,LaLiga,D,792,0,0,0.3487,0.0,0.0,-0.3487
Nahuel Tenaglia,LaLiga,D,2250,1,0,0.9519,0.04,0.0,0.04810000000000003
Jonny Otto,LaLiga,D,2278,0,0,0.4534,0.0,0.0,-0.4534
Jon Pacheco,LaLiga,D,1680,0,0,0.2983,0.0,0.0,-0.2983
Victor Parada,LaLiga,D,1251,0,2,0.517,0.0,0.14388489208633093,-0.517
Ángel Pérez,LaLiga,D,313,0,0,0.1934,0.0,0.0,-0.1934
Antonio Sivera,LaLiga,G,2430,0,0,,0.0,0.0,
Álvaro Rodriguez,LaLiga,F,1528,5,4,6.4105,0.29450261780104714,0.23560209424083772,-1.4104999999999999
André Silva,LaLiga,F,1207,7,0,6.9416,0.5219552609776306,0.0,0.058399999999999785
Rafa Mir,LaLiga,F,1507,7,0,6.9149,0.418049104180491,0.0,0.08509999999999973
Adam Boayar,LaLiga,F,106,1,0,0.3025,0.8490566037735848,0.0,0.6975
Tete Morente,LaLiga,F,226,0,0,0.0726,0.0,0.0,-0.0726
Lucas Cepeda,LaLiga,M,275,0,0,0.4915,0.0,0.0,-0.4915
Federico Redondo,LaLiga,M,129,0,0,,0.0,0.0,
Grady Diangana,LaLiga,M,685,1,0,0.729,0.1313868613138686,0.0,0.271
Aleix Febas,LaLiga,M,2308,2,1,1.7408,0.0779896013864818,0.0389948006932409,0.2592000000000001
Gonzalo Villar,LaLiga,M,33,0,0,,0.0,0.0,
Germán Valera,LaLiga,M,2049,4,3,2.3134,0.17569546120058566,0.13177159590043924,1.6865999999999999
Martim Neto,LaLiga,M,1107,2,5,0.8371,0.16260162601626016,0.4065040650406504,1.1629
Marc Aguado,LaLiga,M,1845,1,1,0.108,0.04878048780487805,0.04878048780487805,0.892
Yago Santiago,LaLiga,M,277,0,0,0.117,0.0,0.0,-0.117
Josan,LaLiga,M,469,0,2,0.259,0.0,0.3837953091684435,-0.259
Hector Fort,LaLiga,D,328,1,2,0.5487,0.27439024390243905,0.5487804878048781,0.45130000000000003
David Affengruber,LaLiga,D,2011,0,0,0.4865,0.0,0.0,-0.4865
Buba Sangare,LaLiga,D,83,0,0,0.0964,0.0,0.0,-0.0964
Adrià Pedrosa,LaLiga,D,762,1,1,0.3536,0.11811023622047244,0.11811023622047244,0.6464
Víctor Chust,LaLiga,D,1614,0,0,0.3171,0.0,0.0,-0.3171
Pedro Bigas,LaLiga,D,1465,0,2,0.5656,0.0,0.12286689419795221,-0.5656
Léo Pétrot,LaLiga,D,1222,0,0,0.4839,0.0,0.0,-0.4839
John Donald,LaLiga,D,465,1,0,0.3822,0.1935483870967742,0.0,0.6178
Iñaki Peña,LaLiga,G,1440,0,0,,0.0,0.0,
Matías Dituro,LaLiga,G,990,0,0,,0.0,0.0,
Vedat Muriqi,LaLiga,F,2144,18,1,12.9691,0.7555970149253731,0.041977611940298504,5.030900000000001
Zito Luvumbo,LaLiga,F,66,0,0,,0.0,0.0,
Mateo Joseph,LaLiga,F,1510,2,2,3.7632,0.11920529801324503,0.11920529801324503,-1.7631999999999999
Abdón Prats,LaLiga,F,98,0,0,0.7554,0.0,0.0,-0.7554
Pablo Torre,LaLiga,M,867,1,2,0.7326,0.10380622837370243,0.20761245674740486,0.26739999999999997
Jan Virgili,LaLiga,M,1462,0,4,1.7723,0.0,0.24623803009575923,-1.7723
Takuma Asano,LaLiga,M,501,1,0,1.1087,0.17964071856287422,0.0,-0.10870000000000002
Samú Costa,LaLiga,M,1871,4,0,1.9161,0.19241047568145375,0.0,2.0839
Sergi Darder,LaLiga,M,1883,1,4,1.8388,0.04779607010090281,0.19118428040361124,-0.8388
Omar Mascarell,LaLiga,M,1396,1,1,0.0868,0.06446991404011461,0.06446991404011461,0.9132
Manu Morlanes,LaLiga,M,1063,1,0,0.63,0.08466603951081844,0.0,0.37
Antonio Sánchez,LaLiga,M,880,0,0,0.4017,0.0,0.0,-0.4017
Javi Llabrés,LaLiga,M,200,0,0,0.3075,0.0,0.0,-0.3075
Jan Salas,LaLiga,M,16,0,0,,0.0,0.0,
Johan Mojica,LaLiga,D,2061,0,3,0.4042,0.0,0.13100436681222707,-0.4042
Pablo Maffeo,LaLiga,D,1883,1,0,0.2039,0.04779607010090281,0.0,0.7961
Marash Kumbulla,LaLiga,D,420,0,0,0.0986,0.0,0.0,-0.0986
Antonio Raíllo,LaLiga,D,1853,0,1,0.5277,0.0,0.048569886670264434,-0.5277
Martin Valjent,LaLiga,D,2430,0,0,0.5742,0.0,0.0,-0.5742
Mateu Morey,LaLiga,D,654,1,0,0.3014,0.13761467889908258,0.0,0.6986
Toni Lato,LaLiga,D,385,0,1,,0.0,0.23376623376623376,
David López,LaLiga,D,459,0,0,0.2953,0.0,0.0,-0.2953
Lucas Bergström,LaLiga,G,450,0,0,,0.0,0.0,
Leo Román,LaLiga,G,1980,0,0,,0.0,0.0,
Etta Eyong,LaLiga,F,1595,6,4,7.3069,0.3385579937304075,0.22570532915360503,-1.3068999999999997
José Luis Morales,LaLiga,F,343,1,1,2.0972,0.26239067055393583,0.26239067055393583,-1.0972
Iván Romero,LaLiga,F,1762,4,1,5.9686,0.2043132803632236,0.0510783200908059,-1.9686000000000003
Carlos Espí,LaLiga,F,412,4,0,1.6078,0.8737864077669902,0.0,2.3922
Kareem Tunde,LaLiga,F,675,0,0,0.4321,0.0,0.0,-0.4321
Paco Cortés,LaLiga,F,366,0,0,0.3487,0.0,0.0,-0.3487
Carlos Álvarez,LaLiga,M,1805,3,1,2.6252,0.14958448753462603,0.04986149584487535,0.3748
Kervin Arriaga,LaLiga,M,1141,1,1,0.2984,0.07887817703768624,0.07887817703768624,0.7016
Tai Abed,LaLiga,M,21,0,0,,0.0,0.0,
Oriol Rey,LaLiga,M,954,0,0,0.3872,0.0,0.0,-0.3872
Iker Losada,LaLiga,M,516,2,0,1.5196,0.3488372093023256,0.0,0.48039999999999994
Ugo Raghouber,LaLiga,M,408,0,0,0.0248,0.0,0.0,-0.0248
Jon Ander Olasagasti,LaLiga,M,900,1,2,0.9245,0.1,0.2,0.07550000000000001
Pablo Martínez,LaLiga,M,1175,1,2,1.7284,0.07659574468085106,0.15319148936170213,-0.7283999999999999
Unai Vencedor,LaLiga,M,818,0,0,,0.0,0.0,
Roger Brugué,LaLiga,M,900,0,1,2.2102,0.0,0.1,-2.2102
Víctor García,LaLiga,M,545,0,1,0.246,0.0,0.1651376146788991,-0.246
Alan Matturro,LaLiga,D,617,1,0,0.2684,0.1458670988654781,0.0,0.7316
Matias Moreno,LaLiga,D,1411,0,0,0.7475,0.0,0.0,-0.7475
Manuel Sánchez,LaLiga,D,1997,1,1,0.6731,0.04506760140210315,0.04506760140210315,0.32689999999999997
Adrián de la Fuente,LaLiga,D,1914,2,1,2.0351,0.09404388714733543,0.047021943573667714,-0.03509999999999991
Jeremy Toljan,LaLiga,D,2250,1,3,0.8093,0.04,0.12,0.19069999999999998
Unai Elgezabal,LaLiga,D,958,1,0,0.668,0.0939457202505219,0.0,0.33199999999999996
Diego Pampín,LaLiga,D,367,0,0,0.2084,0.0,0.0,-0.2084
Mathew Ryan,LaLiga,G,2250,0,0,0.1622,0.0,0.0,-0.1622
Pablo Cuñat,LaLiga,G,180,0,0,,0.0,0.0,
Federico Viñas,LaLiga,F,1525,5,1,5.7702,0.29508196721311475,0.05901639344262295,-0.7702
Thiago Borbas,LaLiga,F,54,0,0,0.3984,0.0,0.0,-0.3984
Álex Forés,LaLiga,F,301,0,1,1.2118,0.0,0.29900332225913623,-1.2118
Santi Cazorla,LaLiga,M,565,0,1,0.1926,0.0,0.1592920353982301,-0.1926
Haissem Hassan,LaLiga,M,1516,0,3,1.4255,0.0,0.17810026385224276,-1.4255
Kwasi Sibo,LaLiga,M,1070,0,0,0.296,0.0,0.0,-0.296
Ilyas Chaira,LaLiga,M,1613,3,1,4.5042,0.16738995660260383,0.05579665220086794,-1.5042
Leander Dendoncker,LaLiga,M,1339,1,0,0.8047,0.06721433905899926,0.0,0.19530000000000003
Thiago Fernández,LaLiga,M,136,0,1,0.1779,0.0,0.6617647058823529,-0.1779
Luka Ilić,LaLiga,M,610,1,0,0.4582,0.14754098360655737,0.0,0.5418000000000001
Santiago Colombatto,LaLiga,M,1561,0,1,0.5038,0.0,0.05765534913516976,-0.5038
Nicolas Fonseca,LaLiga,M,320,0,0,0.2341,0.0,0.0,-0.2341
Ovie Ejaria,LaLiga,M,177,0,0,0.1386,0.0,0.0,-0.1386
Alberto Reina,LaLiga,M,1492,2,0,1.9583,0.12064343163538874,0.0,0.04170000000000007
Pablo Agudín,LaLiga,M,66,0,0,0.0352,0.0,0.0,-0.0352
Eric Bailly,LaLiga,D,594,1,0,0.2877,0.15151515151515152,0.0,0.7122999999999999
Abdel Rahim,LaLiga,D,1413,0,0,0.0414,0.0,0.0,-0.0414
David Carmo,LaLiga,D,1632,1,0,0.9059,0.05514705882352941,0.0,0.09409999999999996
Javi López,LaLiga,D,946,0,0,0.0986,0.0,0.0,-0.0986
Nacho Vidal,LaLiga,D,1326,0,0,1.1938,0.0,0.0,-1.1938
David Costas,LaLiga,D,1441,0,0,0.4481,0.0,0.0,-0.4481
Dani Calvo,LaLiga,D,884,0,0,,0.0,0.0,
Lucas Ahijado,LaLiga,D,968,0,1,0.9216,0.0,0.09297520661157024,-0.9216
Aarón Escandell,LaLiga,G,2340,0,0,,0.0,0.0,
Lautaro Martínez,Serie A,F,1905,14,4,11.5645,0.6614173228346456,0.1889763779527559,2.4354999999999993
Marcus Thuram,Serie A,F,1321,7,3,6.0435,0.4769114307342922,0.2043906131718395,0.9565000000000001
Ange-Yoan Bonny,Serie A,F,777,5,3,3.2446,0.5791505791505791,0.3474903474903475,1.7553999999999998
Francesco Pio Esposito,Serie A,F,1057,4,3,4.6834,0.34058656575212864,0.2554399243140965,-0.6833999999999998
Matteo Lavelli,Serie A,F,12,0,0,,0.0,0.0,
Hakan Çalhanoğlu,Serie A,M,1338,8,2,5.5334,0.5381165919282511,0.13452914798206278,2.4665999999999997
Nicolò Barella,Serie A,M,1839,1,5,2.592,0.04893964110929853,0.2446982055464927,-1.592
Piotr Zieliński,Serie A,M,1455,5,1,2.0222,0.30927835051546393,0.061855670103092786,2.9778
Federico Dimarco,Serie A,M,2077,6,14,4.026,0.2599903707270101,0.6066441983630236,1.9740000000000002
Denzel Dumfries,Serie A,M,754,1,0,1.4798,0.11936339522546419,0.0,-0.4798
Henrikh Mkhitaryan,Serie A,M,1159,2,1,3.3511,0.1553062985332183,0.07765314926660916,-1.3511000000000002
Petar Sučić,Serie A,M,1256,1,2,1.3949,0.07165605095541401,0.14331210191082802,-0.39490000000000003
Luís Henrique,Serie A,M,1392,1,2,0.7259,0.06465517241379311,0.12931034482758622,0.2741
Davide Frattesi,Serie A,M,475,0,0,1.7503,0.0,0.0,-1.7503
Andy Diouf,Serie A,M,245,0,0,0.2818,0.0,0.0,-0.2818
Matteo Darmian,Serie A,M,70,0,0,,0.0,0.0,
Manuel Akanji,Serie A,D,2200,2,0,1.6724,0.08181818181818182,0.0,0.3275999999999999
Alessandro Bastoni,Serie A,D,2016,1,4,1.3279,0.04464285714285714,0.17857142857142855,-0.3279000000000001
Carlos Augusto,Serie A,D,1112,1,1,1.0646,0.08093525179856116,0.08093525179856116,-0.06459999999999999
Stefan de Vrij,Serie A,D,400,0,0,0.3226,0.0,0.0,-0.3226
Francesco Acerbi,Serie A,D,982,0,0,0.3657,0.0,0.0,-0.3657
Yann Bisseck,Serie A,D,1385,2,1,2.225,0.1299638989169675,0.06498194945848375,-0.2250000000000001
Yann Sommer,Serie A,G,2340,0,0,,0.0,0.0,
Josep Martínez,Serie A,G,180,0,0,,0.0,0.0,
Rafael Leão,Serie A,F,1425,9,2,8.2118,0.5684210526315789,0.12631578947368421,0.7881999999999998
Christopher Nkunku,Serie A,F,995,5,3,6.7507,0.45226130653266333,0.271356783919598,-1.7507000000000001
Santiago Giménez,Serie A,F,627,0,0,2.8295,0.0,0.0,-2.8295
Niclas Füllkrug,Serie A,F,335,1,0,3.3469,0.26865671641791045,0.0,-2.3469
Luka Modrić,Serie A,M,2281,2,3,1.3271,0.0789127575624726,0.11836913634370891,0.6729
Christian Pulišić,Serie A,M,1124,8,2,6.7815,0.6405693950177935,0.16014234875444838,1.2184999999999997
Adrien Rabiot,Serie A,M,1740,4,4,2.2486,0.20689655172413793,0.20689655172413793,1.7513999999999998
Alexis Saelemaekers,Serie A,M,2116,2,3,2.479,0.08506616257088848,0.1275992438563327,-0.4790000000000001
Ruben Loftus-Cheek,Serie A,M,1037,3,1,3.1636,0.2603664416586307,0.08678881388621022,-0.1636000000000002
Youssouf Fofana,Serie A,M,1610,1,3,2.9377,0.055900621118012424,0.16770186335403725,-1.9377
Ardon Jashari,Serie A,M,375,0,1,0.1811,0.0,0.24,-0.1811
Samuele Ricci,Serie A,M,1026,1,3,1.291,0.08771929824561403,0.2631578947368421,-0.2909999999999999
Pervis Estupiñán,Serie A,D,844,1,1,0.3237,0.1066350710900474,0.1066350710900474,0.6763
Strahinja Pavlović,Serie A,D,1970,3,1,2.3292,0.13705583756345177,0.045685279187817264,0.6707999999999998
Fikayo Tomori,Serie A,D,2038,0,2,0.588,0.0,0.08832188420019627,-0.588
Davide Bartesaghi,Serie A,D,1744,2,0,0.8724,0.10321100917431193,0.0,1.1276000000000002
Matteo Gabbia,Serie A,D,1991,0,0,1.3372,0.0,0.0,-1.3372
Koni De Winter,Serie A,D,1373,1,1,0.6143,0.06554989075018208,0.06554989075018208,0.38570000000000004
Zachary Athekame,Serie A,D,441,1,1,0.1033,0.20408163265306123,0.20408163265306123,0.8967
David Odogu,Serie A,D,8,0,0,,0.0,0.0,
Mike Maignan,Serie A,G,2396,0,0,,0.0,0.0,
Pietro Terracciano,Serie A,G,124,0,0,,0.0,0.0,
Rasmus Højlund,Serie A,F,2004,9,2,8.2565,0.40419161676646703,0.08982035928143711,0.7434999999999992
Romelu Lukaku,Serie A,F,50,1,0,0.2633,1.8,0.0,0.7367
David Neres,Serie A,F,925,3,3,1.5387,0.29189189189189185,0.29189189189189185,1.4613
Alisson Santos,Serie A,F,257,2,0,0.4564,0.7003891050583657,0.0,1.5436
Giovane,Serie A,F,1647,3,5,3.33,0.16393442622950818,0.27322404371584696,-0.33000000000000007
Matteo Politano,Serie A,F,1590,0,4,1.5554,0.0,0.22641509433962262,-1.5554
Antonio Vergara,Serie A,F,608,1,2,0.7664,0.14802631578947367,0.29605263157894735,0.23360000000000003
Kevin De Bruyne,Serie A,M,580,4,0,3.3349,0.6206896551724138,0.0,0.6650999999999998
Scott McTominay,Serie A,M,1938,6,3,6.089,0.2786377708978328,0.1393188854489164,-0.08900000000000041
Frank Anguissa,Serie A,M,977,4,1,2.2183,0.368474923234391,0.09211873080859775,1.7816999999999998
Stanislav Lobotka,Serie A,M,1795,1,1,0.4993,0.05013927576601671,0.05013927576601671,0.5006999999999999
Billy Gilmour,Serie A,M,533,1,0,0.3725,0.16885553470919323,0.0,0.6275
Eljif Elmas,Serie A,M,1497,1,2,2.3784,0.06012024048096193,0.12024048096192386,-1.3784
Pasquale Mazzocchi,Serie A,M,222,0,0,0.0451,0.0,0.0,-0.0451
Giovanni Di Lorenzo,Serie A,D,2010,1,1,1.8855,0.04477611940298507,0.04477611940298507,-0.8855
Miguel Gutiérrez,Serie A,D,886,1,1,0.656,0.10158013544018057,0.10158013544018057,0.344
Alessandro Buongiorno,Serie A,D,1740,0,1,1.1457,0.0,0.05172413793103448,-1.1457
Leonardo Spinazzola,Serie A,D,1494,3,3,1.017,0.18072289156626503,0.18072289156626503,1.983
Amir Rrahmani,Serie A,D,1360,1,1,0.6763,0.0661764705882353,0.0661764705882353,0.3237
Mathías Olivera,Serie A,D,796,0,0,1.2762,0.0,0.0,-1.2762
Juan Jesus,Serie A,D,1497,0,0,0.3325,0.0,0.0,-0.3325
Sam Beukema,Serie A,D,1143,2,0,1.5463,0.15748031496062992,0.0,0.4537
Vanja Milinković-Savić,Serie A,G,1800,0,0,,0.0,0.0,
Alex Meret,Serie A,G,720,0,1,,0.0,0.125,
Álvaro Morata,Serie A,F,753,0,1,4.3664,0.0,0.1195219123505976,-4.3664
Assane Diao,Serie A,F,327,0,0,0.4706,0.0,0.0,-0.4706
Anastasios Douvikas,Serie A,F,1564,9,1,8.5801,0.5179028132992327,0.05754475703324809,0.41990000000000016
Nicolas-Gerrit Kühn,Serie A,F,623,1,0,1.02,0.14446227929373998,0.0,-0.020000000000000018
Nico Paz,Serie A,M,2220,9,6,7.1725,0.3648648648648649,0.24324324324324326,1.8274999999999997
Martin Baturina,Serie A,M,904,5,3,0.9166,0.497787610619469,0.29867256637168144,4.0834
Sergi Roberto,Serie A,M,409,0,0,0.8805,0.0,0.0,-0.8805
Máximo Perrone,Serie A,M,2035,2,4,1.3903,0.08845208845208845,0.1769041769041769,0.6096999999999999
Jesús Rodriguez,Serie A,M,1498,1,7,3.7221,0.06008010680907877,0.4205607476635514,-2.7221
Jayden Addai,Serie A,M,688,3,0,1.5392,0.39244186046511625,0.0,1.4608
Maxence Caqueret,Serie A,M,1115,2,4,1.8793,0.16143497757847533,0.32286995515695066,0.12070000000000003
Lucas Da Cunha,Serie A,M,1949,3,3,4.1755,0.13853258081067213,0.13853258081067213,-1.1755000000000004
Jacobo Ramón,Serie A,D,2158,2,0,2.6204,0.08341056533827618,0.0,-0.6204000000000001
Álex Valle,Serie A,D,1559,0,3,0.6958,0.0,0.1731879409878127,-0.6958
Diego Carlos,Serie A,D,1401,0,0,0.309,0.0,0.0,-0.309
Mërgim Vojvoda,Serie A,D,1460,2,2,1.1962,0.12328767123287672,0.12328767123287672,0.8038000000000001
Ivan Smolčić,Serie A,D,1087,0,0,0.5785,0.0,0.0,-0.5785
Marc-Oliver Kempf,Serie A,D,1623,4,0,2.6177,0.22181146025878004,0.0,1.3822999999999999
Alberto Moreno,Serie A,D,820,1,0,0.9218,0.10975609756097561,0.0,0.07820000000000005
Ignace Van der Brempt,Serie A,D,663,0,1,0.0592,0.0,0.13574660633484165,-0.0592
Edoardo Goldaniga,Serie A,D,1,0,0,,0.0,0.0,
Jean Butez,Serie A,G,2520,0,0,,0.0,0.0,
Paulo Dybala,Serie A,F,1056,2,2,4.2342,0.17045454545454547,0.17045454545454547,-2.2342000000000004
Artem Dovbyk,Serie A,F,388,3,1,2.345,0.6958762886597938,0.23195876288659795,0.6549999999999998
Donyell Malen,Serie A,F,661,6,0,5.6078,0.8169440242057489,0.0,0.3921999999999999
Matías Soulé,Serie A,F,1691,6,4,3.3198,0.319337670017741,0.21289178001182735,2.6802
Evan Ferguson,Serie A,F,776,3,2,2.6228,0.3479381443298969,0.23195876288659795,0.3772000000000002
Robinio Vaz,Serie A,F,76,0,0,0.3191,0.0,0.0,-0.3191
Lorenzo Pellegrini,Serie A,F,1193,3,2,5.1051,0.22632020117351215,0.15088013411567477,-2.1051
Stephan El Shaarawy,Serie A,F,381,0,2,0.9052,0.0,0.47244094488188976,-0.9052
Bryan Zaragoza,Serie A,F,135,0,1,0.0504,0.0,0.6666666666666667,-0.0504
Neil El Aynaoui,Serie A,M,603,0,1,0.1589,0.0,0.1492537313432836,-0.1589
Manu Koné,Serie A,M,2212,2,2,2.1114,0.081374321880651,0.081374321880651,-0.11140000000000017
Angeliño,Serie A,M,391,0,0,0.1631,0.0,0.0,-0.1631
Bryan Cristante,Serie A,M,2234,2,1,1.7027,0.08057296329453895,0.04028648164726947,0.2972999999999999
Niccolò Pisilli,Serie A,M,671,1,2,0.9512,0.13412816691505217,0.26825633383010433,0.048799999999999955
Lorenzo Venturino,Serie A,M,189,0,0,0.0977,0.0,0.0,-0.0977
Wesley,Serie A,D,2053,4,0,1.3855,0.17535314174378958,0.0,2.6145
Konstantinos Tsimikas,Serie A,D,505,0,0,0.2955,0.0,0.0,-0.2955
Evan Ndicka,Serie A,D,2016,3,0,1.6976,0.13392857142857142,0.0,1.3024
Gianluca Mancini,Serie A,D,2401,0,2,1.3846,0.0,0.07496876301541025,-1.3846
Jan Ziółkowski,Serie A,D,447,0,0,,0.0,0.0,
Zeki Çelik,Serie A,D,2012,1,2,1.3271,0.04473161033797216,0.08946322067594432,-0.32709999999999995
Mario Hermoso,Serie A,D,1298,1,0,0.5799,0.06933744221879816,0.0,0.42010000000000003
Devyne Rensch,Serie A,D,648,0,1,0.2114,0.0,0.1388888888888889,-0.2114
Daniele Ghilardi,Serie A,D,660,0,0,0.1759,0.0,0.0,-0.1759
Mile Svilar,Serie A,G,2520,0,0,,0.0,0.0,
Kenan Yıldız,Serie A,F,2222,9,5,7.3574,0.3645364536453646,0.20252025202520252,1.6425999999999998
Dušan Vlahović,Serie A,F,682,3,1,4.1235,0.3958944281524927,0.13196480938416422,-1.1235
Jonathan David,Serie A,F,1426,5,4,8.1884,0.3155680224403927,0.25245441795231416,-3.1883999999999997
Francisco Conceição,Serie A,F,1315,3,2,4.5362,0.20532319391634982,0.13688212927756654,-1.5362
Loïs Openda,Serie A,F,671,1,0,3.5657,0.13412816691505217,0.0,-2.5657
Edon Zhegrova,Serie A,F,294,0,0,0.5024,0.0,0.0,-0.5024
Jérémie Boga,Serie A,F,118,2,0,0.6787,1.5254237288135593,0.0,1.3213
Khéphren Thuram,Serie A,M,1929,2,2,2.2571,0.09331259720062209,0.09331259720062209,-0.2570999999999999
Manuel Locatelli,Serie A,M,2104,1,2,1.3209,0.04277566539923954,0.08555133079847908,-0.32089999999999996
Teun Koopmeiners,Serie A,M,1557,0,0,1.1753,0.0,0.0,-1.1753
Weston McKennie,Serie A,M,2035,4,4,5.4205,0.1769041769041769,0.1769041769041769,-1.4204999999999997
Andrea Cambiaso,Serie A,M,2040,3,3,2.4487,0.1323529411764706,0.1323529411764706,0.5512999999999999
Filip Kostić,Serie A,M,478,3,1,0.586,0.5648535564853556,0.18828451882845187,2.414
Vasilije Adžić,Serie A,M,193,1,0,0.2299,0.46632124352331605,0.0,0.7701
Fabio Miretti,Serie A,M,527,1,2,1.1171,0.17077798861480076,0.3415559772296015,-0.11709999999999998
Bremer,Serie A,D,1365,3,3,1.6383,0.1978021978021978,0.1978021978021978,1.3617
Pierre Kalulu,Serie A,D,2382,2,3,1.4643,0.07556675062972291,0.11335012594458438,0.5357000000000001
Federico Gatti,Serie A,D,951,2,0,1.9499,0.1892744479495268,0.0,0.05010000000000003
Juan Cabal,Serie A,D,296,2,0,0.7946,0.6081081081081081,0.0,1.2054
Lloyd Kelly,Serie A,D,2128,1,0,0.5641,0.042293233082706765,0.0,0.43589999999999995
Emil Holm,Serie A,D,708,1,4,0.9416,0.1271186440677966,0.5084745762711864,0.05840000000000001
Michele Di Gregorio,Serie A,G,2070,0,0,,0.0,0.0,
Mattia Perin,Serie A,G,450,0,0,,0.0,0.0,
Charles De Ketelaere,Serie A,F,1547,3,3,2.6942,0.17453135100193923,0.17453135100193923,0.30580000000000007
Kamaldeen Sulemana,Serie A,F,865,2,1,1.7073,0.20809248554913296,0.10404624277456648,0.29269999999999996
Giacomo Raspadori,Serie A,F,245,1,1,1.6158,0.3673469387755102,0.3673469387755102,-0.6157999999999999
Gianluca Scamacca,Serie A,F,1094,8,1,6.2705,0.6581352833638026,0.08226691042047532,1.7294999999999998
Nikola Krstović,Serie A,F,1111,7,4,8.8417,0.5670567056705671,0.324032403240324,-1.8416999999999994
Nicola Zalewski,Serie A,M,1342,2,4,2.2907,0.13412816691505217,0.26825633383010433,-0.2907000000000002
Éderson,Serie A,M,1587,1,0,3.042,0.05671077504725898,0.0,-2.042
Mario Pašalić,Serie A,M,1512,3,3,1.9621,0.17857142857142855,0.17857142857142855,1.0379
Lazar Samardžić,Serie A,M,885,2,1,2.817,0.2033898305084746,0.1016949152542373,-0.8170000000000002
Yunus Musah,Serie A,M,515,1,0,0.5809,0.17475728155339806,0.0,0.41910000000000003
Raoul Bellanova,Serie A,M,1166,0,1,0.4756,0.0,0.07718696397941681,-0.4756
Davide Zappacosta,Serie A,M,1825,1,3,1.3558,0.049315068493150684,0.14794520547945206,-0.3557999999999999
Marten de Roon,Serie A,M,1932,1,1,0.7656,0.04658385093167702,0.04658385093167702,0.23440000000000005
Lorenzo Bernasconi,Serie A,M,1176,0,3,0.3107,0.0,0.22959183673469385,-0.3107
Odilon Kossounou,Serie A,D,897,1,0,0.3877,0.10033444816053512,0.0,0.6123000000000001
Giorgio Scalvini,Serie A,D,1027,2,0,1.9842,0.17526777020447906,0.0,0.015800000000000036
Sead Kolašinac,Serie A,D,711,0,0,0.1948,0.0,0.0,-0.1948
Isak Hien,Serie A,D,1713,1,0,0.8017,0.05253940455341506,0.0,0.19830000000000003
Berat Djimsiti,Serie A,D,1844,0,0,1.0234,0.0,0.0,-1.0234
Honest Ahanor,Serie A,D,1019,0,0,1.5951,0.0,0.0,-1.5951
Marco Carnesecchi,Serie A,G,2520,0,0,,0.0,0.0,
Santiago Castro,Serie A,F,1677,7,2,5.8236,0.3756708407871198,0.1073345259391771,1.1764000000000001
Jonathan Rowe,Serie A,F,1094,1,1,2.8024,0.08226691042047532,0.08226691042047532,-1.8024
Thijs Dallinga,Serie A,F,726,1,2,2.6,0.12396694214876033,0.24793388429752067,-1.6
Nicolò Cambiaghi,Serie A,F,1253,3,4,1.9977,0.2154828411811652,0.28731045490822027,1.0023
Riccardo Orsolini,Serie A,M,1554,7,1,6.2318,0.40540540540540543,0.05791505791505791,0.7682000000000002
Federico Bernardeschi,Serie A,M,745,2,1,2.0338,0.24161073825503354,0.12080536912751677,-0.03379999999999983
Benjamín Domínguez,Serie A,M,450,0,3,0.6223,0.0,0.6000000000000001,-0.6223
Nikola Moro,Serie A,M,1301,2,0,0.5107,0.13835511145272866,0.0,1.4893
Lewis Ferguson,Serie A,M,1195,1,0,0.5737,0.07531380753138076,0.0,0.4263
Remo Freuler,Serie A,M,1495,0,2,0.1252,0.0,0.12040133779264213,-0.1252
Jens Odgaard,Serie A,M,1179,5,1,2.1414,0.38167938931297707,0.07633587786259542,2.8586
Tommaso Pobega,Serie A,M,1137,2,1,1.6055,0.158311345646438,0.079155672823219,0.3945000000000001
Simon Sohm,Serie A,M,1000,0,1,0.5649,0.0,0.09,-0.5649
Jhon Lucumí,Serie A,D,1565,1,0,0.8941,0.05750798722044729,0.0,0.1059
João Mário,Serie A,D,640,0,0,0.1838,0.0,0.0,-0.1838
Juan Miranda,Serie A,D,1718,1,0,0.4724,0.05238649592549476,0.0,0.5276000000000001
Nadir Zortea,Serie A,D,1439,0,2,0.4335,0.0,0.1250868658790827,-0.4335
Martin Vitík,Serie A,D,1041,0,0,0.317,0.0,0.0,-0.317
Torbjørn Heggem,Serie A,D,1819,0,0,1.0865,0.0,0.0,-1.0865
Charalampos Lykogiannis,Serie A,D,627,0,1,0.2016,0.0,0.14354066985645933,-0.2016
Nicolò Casale,Serie A,D,594,0,0,0.2327,0.0,0.0,-0.2327
Lorenzo De Silvestri,Serie A,D,299,0,0,,0.0,0.0,
Łukasz Skorupski,Serie A,G,1324,0,0,,0.0,0.0,
Federico Ravaglia,Serie A,G,1109,0,0,,0.0,0.0,
Massimo Pessina,Serie A,G,82,0,0,,0.0,0.0,
Domenico Berardi,Serie A,F,1319,7,3,5.3612,0.4776345716451858,0.2047005307050796,1.6387999999999998
Andrea Pinamonti,Serie A,F,1983,6,3,6.1319,0.2723146747352496,0.1361573373676248,-0.1318999999999999
Armand Laurienté,Serie A,F,1749,4,7,2.3479,0.2058319039451115,0.3602058319039452,1.6521
M'Bala Nzola,Serie A,F,1126,3,0,5.6007,0.23978685612788633,0.0,-2.6007
Alieu Fadera,Serie A,F,927,2,1,2.1004,0.19417475728155337,0.09708737864077668,-0.10040000000000004
Luca Moro,Serie A,F,204,0,0,0.6169,0.0,0.0,-0.6169
Nemanja Matić,Serie A,M,2085,1,1,0.3266,0.04316546762589928,0.04316546762589928,0.6734
Ismael Koné,Serie A,M,1934,5,0,3.6953,0.2326783867631851,0.0,1.3047
Kristian Thorstvedt,Serie A,M,1558,3,2,3.9426,0.17329910141206675,0.11553273427471115,-0.9426000000000001
Aster Vranckx,Serie A,M,596,0,0,0.1463,0.0,0.0,-0.1463
Cristian Volpato,Serie A,M,654,1,4,0.5887,0.13761467889908258,0.5504587155963303,0.4113
Luca Lipani,Serie A,M,675,0,0,0.6696,0.0,0.0,-0.6696
Daniel Boloca,Serie A,M,135,0,0,0.245,0.0,0.0,-0.245
Edoardo Iannoni,Serie A,M,249,1,0,0.4292,0.36144578313253006,0.0,0.5708
Jay Idzes,Serie A,D,2339,0,0,0.091,0.0,0.0,-0.091
Tarik Muharemović,Serie A,D,2025,2,2,1.1111,0.08888888888888889,0.08888888888888889,0.8889
Woyo Coulibaly,Serie A,D,514,0,0,0.0952,0.0,0.0,-0.0952
Sebastian Walukiewicz,Serie A,D,2137,0,1,0.173,0.0,0.04211511464670099,-0.173
Josh Doig,Serie A,D,1732,0,0,0.5334,0.0,0.0,-0.5334
Ulisses Garcia,Serie A,D,245,0,1,,0.0,0.3673469387755102,
Pedro Felipe,Serie A,D,1,0,0,,0.0,0.0,
Fali Candé,Serie A,D,512,0,0,0.2222,0.0,0.0,-0.2222
Filippo Romagna,Serie A,D,257,0,0,0.0391,0.0,0.0,-0.0391
Arijanet Murić,Serie A,G,2340,0,0,,0.0,0.0,
Stefano Turati,Serie A,G,90,0,0,,0.0,0.0,
Nicolò Zaniolo,Serie A,F,1586,5,4,4.3947,0.2837326607818411,0.22698612862547288,0.6052999999999997
Adam Buksa,Serie A,F,632,2,0,1.029,0.2848101265822785,0.0,0.9710000000000001
Vakoun Bayo,Serie A,F,424,0,1,1.2807,0.0,0.2122641509433962,-1.2807
Idrissa Gueye,Serie A,F,184,0,0,0.1973,0.0,0.0,-0.1973
Keinan Davis,Serie A,F,1647,9,3,8.2613,0.4918032786885246,0.16393442622950818,0.7386999999999997
Arthur Atta,Serie A,M,1725,2,3,2.4051,0.10434782608695652,0.1565217391304348,-0.4051
Jakub Piotrowski,Serie A,M,1298,1,1,1.7857,0.06933744221879816,0.06933744221879816,-0.7857000000000001
Lennon Miller,Serie A,M,653,0,1,0.3547,0.0,0.13782542113323124,-0.3547
Jürgen Ekkelenkamp,Serie A,M,1662,3,1,3.3226,0.1624548736462094,0.05415162454873646,-0.3226
Hassane Kamara,Serie A,M,1154,0,1,0.4261,0.0,0.0779896013864818,-0.4261
Alessandro Zanoli,Serie A,M,1290,1,2,0.1005,0.06976744186046512,0.13953488372093023,0.8995
Jesper Karlström,Serie A,M,2477,1,0,0.5048,0.03633427533306419,0.0,0.4952
Kingsley Ehizibue,Serie A,M,1076,0,0,0.1165,0.0,0.0,-0.1165
Oier Zarraga,Serie A,M,344,0,0,0.2805,0.0,0.0,-0.2805
Oumar Solet,Serie A,D,2151,3,1,2.4004,0.12552301255230125,0.04184100418410042,0.5996000000000001
Branimir Mlačić,Serie A,D,62,0,0,,0.0,0.0,
Juan Arizala,Serie A,D,21,0,0,,0.0,0.0,
Thomas Kristensen,Serie A,D,1615,2,0,0.4965,0.11145510835913314,0.0,1.5035
Jordan Zemura,Serie A,D,1018,0,1,0.4649,0.0,0.08840864440078584,-0.4649
Nicolò Bertola,Serie A,D,1646,0,1,0.5501,0.0,0.05467800729040097,-0.5501
Christian Kabasele,Serie A,D,1548,3,0,1.1534,0.1744186046511628,0.0,1.8466
Maduka Okoye,Serie A,G,1717,0,0,,0.0,0.0,
Răzvan Sava,Serie A,G,619,0,0,,0.0,0.0,
Daniele Padelli,Serie A,G,180,0,0,,0.0,0.0,
Boulaye Dia,Serie A,F,886,1,0,2.1021,0.10158013544018057,0.0,-1.1021
Pedro,Serie A,F,625,3,1,2.1053,0.43199999999999994,0.14400000000000002,0.8946999999999998
Daniel Maldini,Serie A,F,591,0,1,0.9507,0.0,0.15228426395939085,-0.9507
Petar Ratkov,Serie A,F,217,0,0,0.5186,0.0,0.0,-0.5186
Matteo Cancellieri,Serie A,F,1231,3,0,2.688,0.21933387489845654,0.0,0.31199999999999983
Tijjani Noslin,Serie A,F,589,2,0,2.4872,0.30560271646859083,0.0,-0.4872000000000001
Mattia Zaccagni,Serie A,M,1786,3,0,2.7709,0.15117581187010076,0.0,0.22909999999999986
Reda Belahyane,Serie A,M,514,0,1,0.1294,0.0,0.17509727626459143,-0.1294
Fisayo Dele-Bashiru,Serie A,M,497,0,0,0.4053,0.0,0.0,-0.4053
Kenneth Taylor,Serie A,M,694,1,0,0.6485,0.12968299711815562,0.0,0.35150000000000003
Gustav Isaksen,Serie A,M,1151,3,1,2.7013,0.23457862728062556,0.07819287576020852,0.2987000000000002
Nicolò Rovella,Serie A,M,342,0,1,0.0302,0.0,0.2631578947368421,-0.0302
Toma Bašić,Serie A,M,1180,1,2,1.1269,0.07627118644067796,0.15254237288135591,-0.1269
Danilo Cataldi,Serie A,M,1803,3,3,2.9477,0.1497504159733777,0.1497504159733777,0.05229999999999979
Nuno Tavares,Serie A,D,759,0,0,0.2769,0.0,0.0,-0.2769
Alessio Romagnoli,Serie A,D,1933,0,0,1.2312,0.0,0.0,-1.2312
Mario Gila Fuentes,Serie A,D,2023,0,0,0.9422,0.0,0.0,-0.9422
Luca Pellegrini,Serie A,D,1220,0,0,0.5082,0.0,0.0,-0.5082
Elseid Hysaj,Serie A,D,162,0,0,,0.0,0.0,
Adam Marušić,Serie A,D,2120,0,1,0.6814,0.0,0.04245283018867924,-0.6814
Manuel Lazzari,Serie A,D,630,0,0,0.0055,0.0,0.0,-0.0055
Oliver Provstgaard,Serie A,D,787,0,0,0.0349,0.0,0.0,-0.0349
Patric,Serie A,D,162,0,0,0.0916,0.0,0.0,-0.0916
Ivan Provedel,Serie A,G,2430,0,0,,0.0,0.0,
Mateo Pellegrino,Serie A,F,2302,7,1,7.3465,0.2736750651607298,0.03909643788010426,-0.3464999999999998
Jacob Ondrejka,Serie A,F,667,0,0,1.1147,0.0,0.0,-1.1147
Gaetano Oristanio,Serie A,F,791,1,0,2.0127,0.11378002528445007,0.0,-1.0127000000000002
Nesta Elphege,Serie A,F,33,0,0,,0.0,0.0,
Pontus Almqvist,Serie A,F,399,0,0,0.3347,0.0,0.0,-0.3347
Benjamin Cremaschi,Serie A,M,133,0,0,0.022,0.0,0.0,-0.022
Adrián Bernabé,Serie A,M,2127,3,1,2.1746,0.12693935119887165,0.04231311706629055,0.8254000000000001
Gabriel Strefezza,Serie A,M,363,0,0,0.3107,0.0,0.0,-0.3107
Hans Nicolussi Caviglia,Serie A,M,827,0,3,0.3155,0.0,0.3264812575574365,-0.3155
Mandela Keita,Serie A,M,2210,0,1,0.3128,0.0,0.04072398190045249,-0.3128
Franco Carboni,Serie A,M,13,0,0,,0.0,0.0,
Christian Ordoñez,Serie A,M,677,1,0,0.3812,0.1329394387001477,0.0,0.6188
Oliver Sørensen,Serie A,M,1588,1,0,1.5636,0.05667506297229219,0.0,-0.5636000000000001
Nahuel Estévez,Serie A,M,897,0,0,0.5573,0.0,0.0,-0.5573
Mariano Troilo,Serie A,D,854,1,0,0.4151,0.1053864168618267,0.0,0.5849
Abdoulaye Ndiaye,Serie A,D,496,0,0,0.2942,0.0,0.0,-0.2942
Enrico Delprato,Serie A,D,2258,1,0,1.908,0.03985828166519043,0.0,-0.9079999999999999
Alessandro Circati,Serie A,D,1796,1,0,0.68,0.05011135857461024,0.0,0.31999999999999995
Emanuele Valeri,Serie A,D,1851,0,2,0.4452,0.0,0.09724473257698542,-0.4452
Lautaro Valenti,Serie A,D,1712,0,0,0.4834,0.0,0.0,-0.4834
Sascha Britschgi,Serie A,D,1754,0,2,0.4205,0.0,0.10262257696693272,-0.4205
Zion Suzuki,Serie A,G,990,0,0,,0.0,0.0,
Edoardo Corvi,Serie A,G,1440,0,0,,0.0,0.0,
Filippo Rinaldi,Serie A,G,90,0,0,,0.0,0.0,
Lorenzo Colombo,Serie A,F,1693,6,1,6.5915,0.31896042528056706,0.05316007088009451,-0.5914999999999999
Vitinha,Serie A,F,1618,4,1,4.6206,0.22249690976514214,0.055624227441285534,-0.6205999999999996
Maxwel Cornet,Serie A,F,112,0,0,1.5371,0.0,0.0,-1.5371
Junior Messias,Serie A,F,391,3,0,1.576,0.690537084398977,0.0,1.424
Caleb Ekuban,Serie A,F,757,3,1,2.7041,0.35667107001321,0.11889035667107001,0.29590000000000005
Jeff Ekhator,Serie A,F,606,2,0,1.9751,0.297029702970297,0.0,0.024899999999999922
Ruslan Malinovskyi,Serie A,M,1819,5,3,3.9669,0.2473886750962067,0.14843320505772403,1.0331000000000001
Tommaso Baldanzi,Serie A,M,539,1,0,1.6092,0.16697588126159554,0.0,-0.6092
Morten Frendrup,Serie A,M,2292,1,0,0.3966,0.03926701570680628,0.0,0.6033999999999999
Jean Onana,Serie A,M,20,0,0,0.0247,0.0,0.0,-0.0247
Alexsandro Amorim,Serie A,M,71,0,0,0.1086,0.0,0.0,-0.1086
Mikael Ellertsson,Serie A,M,2010,1,1,1.9633,0.04477611940298507,0.04477611940298507,-0.9633
Patrizio Masini,Serie A,M,1179,0,1,1.2821,0.0,0.07633587786259542,-1.2821
Johan Vásquez,Serie A,D,2503,0,0,1.0473,0.0,0.0,-1.0473
Leo Østigård,Serie A,D,1903,4,1,3.0755,0.18917498686284812,0.04729374671571203,0.9245000000000001
Brooke Norton-Cuffy,Serie A,D,2063,2,1,1.5239,0.08725157537566651,0.043625787687833255,0.47609999999999997
Aarón Martín,Serie A,D,1792,1,4,0.3583,0.05022321428571428,0.20089285714285712,0.6416999999999999
Nils Zätterström,Serie A,D,1,0,0,,0.0,0.0,
Sebastian Otoa,Serie A,D,595,0,0,0.0685,0.0,0.0,-0.0685
Alessandro Marcandalli,Serie A,D,1721,0,2,0.143,0.0,0.10459035444509006,-0.143
Stefano Sabelli,Serie A,D,470,0,0,0.2663,0.0,0.0,-0.2663
Justin Bijlow,Serie A,G,630,0,0,,0.0,0.0,
Nicola Leali,Serie A,G,1713,0,0,,0.0,0.0,
Daniele Sommariva,Serie A,G,175,0,0,,0.0,0.0,
Semih Kılıçsoy,Serie A,F,880,4,0,1.8398,0.40909090909090906,0.0,2.1601999999999997
Sebastiano Esposito,Serie A,F,1958,4,5,2.6747,0.18386108273748725,0.22982635342185903,1.3253
Andrea Belotti,Serie A,F,190,2,0,1.9247,0.9473684210526315,0.0,0.07529999999999992
Leonardo Pavoletti,Serie A,F,201,0,1,0.9313,0.0,0.44776119402985076,-0.9313
Gennaro Borrelli,Serie A,F,1033,3,1,2.1613,0.2613746369796709,0.08712487899322362,0.8386999999999998
Mattia Felici,Serie A,F,408,2,1,0.6203,0.4411764705882353,0.22058823529411764,1.3797000000000001
Yael Trepy,Serie A,F,56,1,0,0.3204,1.607142857142857,0.0,0.6796
Marco Palestra,Serie A,M,2331,1,4,1.2149,0.03861003861003861,0.15444015444015444,-0.2149000000000001
Ibrahim Sulemana,Serie A,M,487,1,0,1.0752,0.18480492813141686,0.0,-0.07519999999999993
Michael Folorunsho,Serie A,M,1432,2,0,2.5232,0.12569832402234637,0.0,-0.5232000000000001
Gianluca Gaetano,Serie A,M,1086,2,3,1.2581,0.16574585635359115,0.24861878453038672,0.7419
Michel Adopo,Serie A,M,2270,1,1,1.8916,0.039647577092511016,0.039647577092511016,-0.8916
Luca Mazzitelli,Serie A,M,728,2,2,0.6995,0.24725274725274726,0.24725274725274726,1.3005
Joseph Liteta,Serie A,M,266,0,0,,0.0,0.0,
Alessandro Deiola,Serie A,M,961,0,2,0.3104,0.0,0.18730489073881376,-0.3104
Yerry Mina,Serie A,D,1388,1,0,0.6806,0.06484149855907781,0.0,0.3194
Juan Rodríguez,Serie A,D,729,0,0,0.3645,0.0,0.0,-0.3645
Adam Obert,Serie A,D,2003,0,3,1.0424,0.0,0.13479780329505742,-1.0424
Zé Pedro,Serie A,D,1060,0,0,0.184,0.0,0.0,-0.184
Gabriele Zappa,Serie A,D,1325,0,3,0.4975,0.0,0.2037735849056604,-0.4975
Alberto Dossena,Serie A,D,360,0,0,0.5349,0.0,0.0,-0.5349
Riyad Idrissi,Serie A,D,781,2,0,0.5345,0.23047375160051214,0.0,1.4655
Elia Caprile,Serie A,G,2520,0,0,,0.0,0.0,
Giovanni Simeone,Serie A,F,1422,6,0,5.2396,0.37974683544303794,0.0,0.7603999999999997
Zakaria Aboukhlal,Serie A,F,520,0,0,0.3365,0.0,0.0,-0.3365
Duván Zapata,Serie A,F,864,2,1,3.2576,0.20833333333333331,0.10416666666666666,-1.2576
Sandro Kulenović,Serie A,F,165,0,0,0.2547,0.0,0.0,-0.2547
Che Adams,Serie A,F,1483,4,2,4.2262,0.24275118004045854,0.12137559002022927,-0.2262000000000004
Alieu Njie,Serie A,F,136,1,1,0.2099,0.6617647058823529,0.6617647058823529,0.7901
Cesare Casadei,Serie A,M,1610,4,0,2.9416,0.2236024844720497,0.0,1.0583999999999998
Nikola Vlašić,Serie A,M,2168,6,3,4.505,0.24907749077490773,0.12453874538745387,1.495
Ivan Ilić,Serie A,M,415,0,0,,0.0,0.0,
Gvidas Gineitis,Serie A,M,1059,0,1,0.2707,0.0,0.08498583569405099,-0.2707
Faustino Anjorin,Serie A,M,253,0,0,0.4921,0.0,0.0,-0.4921
Valentino Lazaro,Serie A,M,2048,0,2,0.4656,0.0,0.087890625,-0.4656
Emirhan İlkhan,Serie A,M,597,0,1,0.2851,0.0,0.15075376884422112,-0.2851
Matteo Prati,Serie A,M,1555,1,0,1.1952,0.057877813504823156,0.0,-0.19520000000000004
Marcus Pedersen,Serie A,M,1518,0,0,0.8335,0.0,0.0,-0.8335
Guillermo Maripán,Serie A,D,2026,2,0,1.5728,0.08884501480750247,0.0,0.4272
Rafael Obrador,Serie A,D,300,0,1,0.0384,0.0,0.30000000000000004,-0.0384
Cristiano Biraghi,Serie A,D,479,0,0,0.0672,0.0,0.0,-0.0672
Saúl Coco,Serie A,D,2250,1,1,0.7419,0.04,0.04,0.2581
Ardian Ismajli,Serie A,D,1375,0,1,0.2654,0.0,0.06545454545454545,-0.2654
Luca Marianucci,Serie A,D,383,0,1,0.017,0.0,0.2349869451697128,-0.017
Niels Nkounkou,Serie A,D,324,0,1,0.1062,0.0,0.2777777777777778,-0.1062
Enzo Ebosse,Serie A,D,439,0,0,0.0488,0.0,0.0,-0.0488
Adrien Tameze,Serie A,D,1120,0,0,0.2584,0.0,0.0,-0.2584
Franco Israel,Serie A,G,810,0,0,,0.0,0.0,
Alberto Paleari,Serie A,G,1710,0,0,,0.0,0.0,
Francesco Camarda,Serie A,F,641,1,0,1.7171,0.14040561622464898,0.0,-0.7171000000000001
Walid Cheddira,Serie A,F,690,1,0,1.517,0.13043478260869565,0.0,-0.5169999999999999
Riccardo Sottil,Serie A,F,1072,1,2,0.6665,0.08395522388059701,0.16791044776119401,0.3335
Nikola Štulić,Serie A,F,1414,3,0,3.3967,0.19094766619519093,0.0,-0.39670000000000005
Santiago Pierotti,Serie A,F,1759,1,0,2.0651,0.0511654349061967,0.0,-1.0651000000000002
Konan N'Dri,Serie A,F,346,2,0,0.4261,0.5202312138728323,0.0,1.5739
Lameck Banda,Serie A,M,1060,3,3,1.4375,0.25471698113207547,0.25471698113207547,1.5625
Lassana Coulibaly,Serie A,M,1998,3,1,2.0121,0.13513513513513514,0.04504504504504504,0.9878999999999998
Medon Berisha,Serie A,M,880,2,3,1.2236,0.20454545454545453,0.3068181818181818,0.7764
Omri Gandelman,Serie A,M,632,2,0,1.3036,0.2848101265822785,0.0,0.6963999999999999
Ylber Ramadani,Serie A,M,2346,1,0,0.8022,0.03836317135549872,0.0,0.19779999999999998
Oumar Ngom,Serie A,M,163,0,0,0.0385,0.0,0.0,-0.0385
Sadik Fofana,Serie A,M,10,0,0,,0.0,0.0,
Þórir Jóhann Helgason,Serie A,M,115,0,0,0.115,0.0,0.0,-0.115
Alex Sala,Serie A,M,161,0,1,0.254,0.0,0.5590062111801242,-0.254
Tiago Gabriel,Serie A,D,2410,1,0,2.3649,0.03734439834024896,0.0,-1.3649
Kialonda Gaspar,Serie A,D,1829,0,0,0.8866,0.0,0.0,-0.8866
Matías Pérez,Serie A,D,32,0,0,,0.0,0.0,
Antonino Gallo,Serie A,D,2309,0,2,0.4608,0.0,0.0779558250324816,-0.4608
Danilo Veiga,Serie A,D,2170,0,1,0.2384,0.0,0.041474654377880185,-0.2384
Jamil Siebert,Serie A,D,807,0,0,0.267,0.0,0.0,-0.267
Corrie Ndaba,Serie A,D,396,0,0,0.1216,0.0,0.0,-0.1216
Gaby Jean,Serie A,D,22,0,0,,0.0,0.0,
Wladimiro Falcone,Serie A,G,2520,0,0,,0.0,0.0,
Moise Kean,Serie A,F,1885,8,1,14.3608,0.3819628647214854,0.04774535809018567,-6.360799999999999
Albert Guðmundsson,Serie A,F,1708,4,3,4.121,0.2107728337236534,0.15807962529274006,-0.12100000000000044
Roberto Piccoli,Serie A,F,1179,2,0,4.8229,0.15267175572519084,0.0,-2.8228999999999997
Jacopo Fazzini,Serie A,F,435,0,0,1.0582,0.0,0.0,-1.0582
Manor Solomon,Serie A,M,485,2,0,0.4471,0.3711340206185567,0.0,1.5529
Nicolò Fagioli,Serie A,M,1897,1,3,1.9057,0.047443331576172906,0.1423299947285187,-0.9057
Abdelhamid Sabiri,Serie A,M,25,0,0,0.0124,0.0,0.0,-0.0124
Dodô,Serie A,M,2329,0,2,1.1437,0.0,0.07728638900815801,-1.1437
Robin Gosens,Serie A,M,1225,2,0,2.6578,0.1469387755102041,0.0,-0.6577999999999999
Rolando Mandragora,Serie A,M,1928,6,1,4.2801,0.2800829875518672,0.046680497925311204,1.7199
Cher Ndour,Serie A,M,1154,1,0,1.1611,0.0779896013864818,0.0,-0.16110000000000002
Giovanni Fabbian,Serie A,M,867,2,0,1.8979,0.20761245674740486,0.0,0.10210000000000008
Jack Harrison,Serie A,M,424,0,1,0.0466,0.0,0.2122641509433962,-0.0466
Marco Brescianini,Serie A,M,629,2,0,1.751,0.2861685214626391,0.0,0.2490000000000001
Niccolò Fortini,Serie A,M,546,0,0,0.2453,0.0,0.0,-0.2453
Tariq Lamptey,Serie A,D,32,0,0,,0.0,0.0,
Marin Pongračić,Serie A,D,2290,0,0,0.6996,0.0,0.0,-0.6996
Daniele Rugani,Serie A,D,356,0,0,,0.0,0.0,
Pietro Comuzzo,Serie A,D,1434,1,0,1.0063,0.06276150627615062,0.0,-0.006299999999999972
Luca Ranieri,Serie A,D,1696,1,0,1.6418,0.05306603773584905,0.0,-0.6417999999999999
Fabiano Parisi,Serie A,D,1214,0,1,0.6453,0.0,0.07413509060955518,-0.6453
Eddy Kouadio,Serie A,D,80,0,0,,0.0,0.0,
David De Gea,Serie A,G,2520,0,0,,0.0,0.0,
Jamie Vardy,Serie A,F,1805,5,1,4.3796,0.24930747922437674,0.04986149584487535,0.6204000000000001
Antonio Sanabria,Serie A,F,689,1,1,2.7293,0.13062409288824384,0.13062409288824384,-1.7292999999999998
Faris Moumbagna,Serie A,F,88,0,0,0.3885,0.0,0.0,-0.3885
Federico Bonazzoli,Serie A,F,1681,6,1,5.7305,0.32123735871505055,0.05353955978584176,0.26949999999999985
David Okereke,Serie A,F,109,0,0,,0.0,0.0,
Milan Đurić,Serie A,F,327,0,1,0.6924,0.0,0.27522935779816515,-0.6924
Warren Bondo,Serie A,M,1437,0,0,0.1709,0.0,0.0,-0.1709
Romano Floriani Mussolini,Serie A,M,786,0,0,0.38,0.0,0.0,-0.38
Youssef Maleh,Serie A,M,1003,0,0,0.7558,0.0,0.0,-0.7558
Alessio Zerbin,Serie A,M,1280,0,2,1.4919,0.0,0.140625,-1.4919
Jari Vandeputte,Serie A,M,1474,0,4,1.2811,0.0,0.24423337856173674,-1.2811
Martín Payero,Serie A,M,1240,1,0,1.6633,0.07258064516129033,0.0,-0.6633
Morten Thorsby,Serie A,M,1158,3,1,2.2543,0.23316062176165803,0.07772020725388601,0.7456999999999998
Giuseppe Pezzella,Serie A,M,1812,0,1,0.112,0.0,0.04966887417218543,-0.112
Tommaso Barbieri,Serie A,M,1354,0,1,0.6137,0.0,0.06646971935007386,-0.6137
Michele Collocolo,Serie A,M,310,0,0,0.0636,0.0,0.0,-0.0636
Alberto Grassi,Serie A,M,1054,0,0,0.4421,0.0,0.0,-0.4421
Mikayil Faye,Serie A,D,250,0,0,0.0371,0.0,0.0,-0.0371
Filippo Terracciano,Serie A,D,2216,2,0,1.8626,0.0812274368231047,0.0,0.13739999999999997
Federico Baschirotto,Serie A,D,2250,2,0,1.0607,0.08,0.0,0.9393
Sebastiano Luperto,Serie A,D,2157,1,1,0.6044,0.041724617524339355,0.041724617524339355,0.39559999999999995
Matteo Bianchetti,Serie A,D,1679,0,2,0.3579,0.0,0.1072066706372841,-0.3579
Francesco Folino,Serie A,D,613,1,0,0.1242,0.1468189233278956,0.0,0.8758
Federico Ceccherini,Serie A,D,409,0,0,0.2036,0.0,0.0,-0.2036
Emil Audero,Serie A,G,2160,0,0,,0.0,0.0,
Marco Silvestri,Serie A,G,360,0,0,,0.0,0.0,
Gift Orban,Serie A,F,1673,7,2,9.3998,0.37656903765690375,0.1075911536162582,-2.399800000000001
Tomáš Suslov,Serie A,F,44,0,0,0.0528,0.0,0.0,-0.0528
Daniel Mosquera,Serie A,F,591,0,2,0.7055,0.0,0.3045685279187817,-0.7055
Amin Sarr,Serie A,F,957,0,1,1.2136,0.0,0.09404388714733543,-1.2136
Isaac,Serie A,F,19,0,0,,0.0,0.0,
Kieron Bowie,Serie A,F,406,1,0,1.5922,0.22167487684729065,0.0,-0.5922000000000001
Junior Ajayi,Serie A,F,1,0,0,,0.0,0.0,
Rafik Belghali,Serie A,M,1125,2,0,1.5069,0.16,0.0,0.4931000000000001
Mutassim Al-Musrati,Serie A,M,765,0,1,0.2376,0.0,0.11764705882352941,-0.2376
Domagoj Bradarić,Serie A,M,1792,0,0,0.5181,0.0,0.0,-0.5181
Cheikh Niasse,Serie A,M,983,0,1,0.1728,0.0,0.09155645981688708,-0.1728
Abdou Harroui,Serie A,M,613,1,0,1.0715,0.1468189233278956,0.0,-0.0714999999999999
Sandi Lovrić,Serie A,M,307,0,1,0.2931,0.0,0.2931596091205212,-0.2931
Suat Serdar,Serie A,M,1116,2,0,2.1485,0.16129032258064516,0.0,-0.14849999999999985
Roberto Gagliardini,Serie A,M,1437,1,0,0.744,0.06263048016701461,0.0,0.256
Antoine Bernede,Serie A,M,1810,1,2,0.9146,0.04972375690607735,0.0994475138121547,0.08540000000000003
Jean-Daniel Akpa Akpro,Serie A,M,736,1,0,0.6143,0.12228260869565218,0.0,0.38570000000000004
Victor Nelsson,Serie A,D,2416,0,0,0.3815,0.0,0.0,-0.3815
Nicolás Valentini,Serie A,D,837,0,0,0.2718,0.0,0.0,-0.2718
Armel Bella-Kotchap,Serie A,D,1272,0,0,0.108,0.0,0.0,-0.108
Pol Lirola,Serie A,D,233,0,0,,0.0,0.0,
Tobias Slotsager,Serie A,D,424,0,0,0.1357,0.0,0.0,-0.1357
Martin Frese,Serie A,D,1692,2,0,1.6182,0.10638297872340426,0.0,0.3817999999999999
Andrias Edmundsson,Serie A,D,450,0,0,0.0424,0.0,0.0,-0.0424
Fallou Cham,Serie A,D,235,0,0,0.3506,0.0,0.0,-0.3506
Daniel Oyegoke,Serie A,D,330,0,0,0.0188,0.0,0.0,-0.0188
Lorenzo Montipò,Serie A,G,2250,0,0,,0.0,0.0,
Simone Perilli,Serie A,G,270,0,0,,0.0,0.0,
Samuel Iling Junior,Serie A,F,93,0,0,,0.0,0.0,
Rafiu Durosinmi,Serie A,F,348,1,1,0.3056,0.25862068965517243,0.25862068965517243,0.6944
Matteo Tramoni,Serie A,F,1233,2,2,2.7691,0.14598540145985403,0.14598540145985403,-0.7690999999999999
Henrik Wendel Meister,Serie A,F,1276,2,0,3.4236,0.14106583072100312,0.0,-1.4236
Stefano Moreo,Serie A,F,1580,5,1,3.8883,0.2848101265822785,0.056962025316455694,1.1117
Filip Stojilković,Serie A,F,265,0,0,0.6353,0.0,0.0,-0.6353
Juan Cuadrado,Serie A,M,405,1,0,0.9027,0.2222222222222222,0.0,0.09730000000000005
Lorran,Serie A,M,103,1,0,1.0229,0.8737864077669902,0.0,-0.02289999999999992
Felipe Loyola,Serie A,M,284,1,0,0.3118,0.31690140845070425,0.0,0.6881999999999999
Ebenezer Akinsanmiro,Serie A,M,933,0,1,0.6221,0.0,0.09646302250803858,-0.6221
Calvin Stengs,Serie A,M,35,0,0,0.0779,0.0,0.0,-0.0779
Mehdi Léris,Serie A,M,1224,1,3,1.4786,0.07352941176470588,0.22058823529411764,-0.4785999999999999
Marius Marin,Serie A,M,1276,0,0,0.1151,0.0,0.0,-0.1151
Michel Aebischer,Serie A,M,2209,1,1,0.4069,0.040742417383431415,0.040742417383431415,0.5931
Isak Vural,Serie A,M,434,0,0,0.1164,0.0,0.0,-0.1164
Idrissa Touré,Serie A,M,1991,1,0,1.943,0.04520341536916123,0.0,-0.9430000000000001
Samuele Angori,Serie A,M,1767,0,1,0.4693,0.0,0.050933786078098474,-0.4693
Malthe Højholt,Serie A,M,402,0,0,0.2002,0.0,0.0,-0.2002
Gabriele Piccinini,Serie A,M,661,0,0,1.2853,0.0,0.0,-1.2853
Raúl Albiol,Serie A,D,367,0,0,0.0678,0.0,0.0,-0.0678
Rosen Bozhinov,Serie A,D,340,0,0,0.0101,0.0,0.0,-0.0101
Simone Canestrelli,Serie A,D,2315,0,0,0.9932,0.0,0.0,-0.9932
Francesco Coppola,Serie A,D,451,0,0,0.099,0.0,0.0,-0.099
Antonio Caracciolo,Serie A,D,2264,0,0,0.8266,0.0,0.0,-0.8266
Arturo Calabresi,Serie A,D,1040,0,0,0.1991,0.0,0.0,-0.1991
Daniel Denoon,Serie A,D,123,0,0,,0.0,0.0,
Adrian Šemper,Serie A,G,1530,0,0,,0.0,0.0,
Simone Scuffet,Serie A,G,630,0,0,,0.0,0.0,
Nícolas,Serie A,G,360,0,0,,0.0,0.0,
Harry Kane,Bundesliga,F,1948,30,5,22.5759,1.3860369609856262,0.23100616016427103,7.424099999999999
Nicolas Jackson,Bundesliga,F,563,4,0,3.6361,0.6394316163410302,0.0,0.3639000000000001
Wisdom Mike,Bundesliga,F,37,0,0,0.0913,0.0,0.0,-0.0913
Luis Díaz,Bundesliga,M,1990,14,11,12.2482,0.6331658291457287,0.4974874371859297,1.7517999999999994
Jamal Musiala,Bundesliga,M,307,1,2,1.6752,0.2931596091205212,0.5863192182410424,-0.6752
Michael Olise,Bundesliga,M,1791,10,16,8.38,0.5025125628140703,0.8040201005025126,1.6199999999999992
Lennart Karl,Bundesliga,M,995,4,3,4.8558,0.36180904522613067,0.271356783919598,-0.8558000000000003
Joshua Kimmich,Bundesliga,M,1636,2,6,2.2017,0.1100244498777506,0.33007334963325186,-0.2017000000000002
Serge Gnabry,Bundesliga,M,1076,6,6,5.6174,0.5018587360594795,0.5018587360594795,0.38260000000000005
Leon Goretzka,Bundesliga,M,1294,2,1,1.7435,0.1391035548686244,0.0695517774343122,0.25649999999999995
Aleksandar Pavlović,Bundesliga,M,1275,3,1,1.5344,0.2117647058823529,0.07058823529411765,1.4656
Tom Bischof,Bundesliga,M,920,0,3,1.125,0.0,0.2934782608695652,-1.125
David Daiber,Bundesliga,M,27,0,0,0.0624,0.0,0.0,-0.0624
Alphonso Davies,Bundesliga,D,357,0,1,0.1272,0.0,0.25210084033613445,-0.1272
Min-jae Kim,Bundesliga,D,1046,1,1,0.352,0.08604206500956023,0.08604206500956023,0.648
Dayot Upamecano,Bundesliga,D,1511,1,1,1.0277,0.05956320317670417,0.05956320317670417,-0.027700000000000058
Jonathan Tah,Bundesliga,D,1664,2,1,0.7083,0.10817307692307693,0.054086538461538464,1.2917
Josip Stanišić,Bundesliga,D,1255,2,3,1.0768,0.14342629482071714,0.21513944223107567,0.9232
Raphaël Guerreiro,Bundesliga,D,475,3,2,1.6389,0.5684210526315789,0.37894736842105264,1.3611
Konrad Laimer,Bundesliga,D,1429,3,4,2.348,0.18894331700489853,0.25192442267319803,0.6520000000000001
Hiroki Itō,Bundesliga,D,492,1,2,0.8088,0.1829268292682927,0.3658536585365854,0.19120000000000004
Cassiano Kiala,Bundesliga,D,1,0,0,,0.0,0.0,
Manuel Neuer,Bundesliga,G,1620,0,0,,0.0,0.0,
Jonas Urbig,Bundesliga,G,630,0,0,,0.0,0.0,
Serhou Guirassy,Bundesliga,F,1797,12,1,11.6292,0.6010016694490818,0.05008347245409015,0.37079999999999913
Karim Adeyemi,Bundesliga,F,1026,5,3,3.5776,0.43859649122807015,0.2631578947368421,1.4224
Fábio Silva,Bundesliga,F,580,1,5,1.573,0.15517241379310345,0.7758620689655172,-0.573
Maximilian Beier,Bundesliga,F,1358,8,4,5.8234,0.5301914580265096,0.2650957290132548,2.1765999999999996
Jobe Bellingham,Bundesliga,M,1043,0,1,0.6921,0.0,0.0862895493767977,-0.6921
Carney Chukwuemeka,Bundesliga,M,674,2,0,1.7066,0.26706231454005935,0.0,0.2934000000000001
Julian Brandt,Bundesliga,M,1227,6,3,4.8541,0.4400977995110024,0.2200488997555012,1.1459000000000001
Marcel Sabitzer,Bundesliga,M,1195,1,2,1.0181,0.07531380753138076,0.1506276150627615,-0.018100000000000005
Yan Couto,Bundesliga,M,981,1,2,0.6791,0.09174311926605505,0.1834862385321101,0.32089999999999996
Felix Nmecha,Bundesliga,M,1903,2,3,1.7687,0.09458749343142406,0.1418812401471361,0.23130000000000006
Daniel Svensson,Bundesliga,M,1965,2,2,1.3873,0.0916030534351145,0.0916030534351145,0.6127
Salih Özcan,Bundesliga,M,51,0,0,0.1047,0.0,0.0,-0.1047
Samuele Inacio,Bundesliga,M,15,0,0,0.0616,0.0,0.0,-0.0616
Ramy Bensebaini,Bundesliga,D,1166,2,0,1.0583,0.15437392795883362,0.0,0.9417
Nico Schlotterbeck,Bundesliga,D,1710,4,1,2.958,0.2105263157894737,0.052631578947368425,1.0419999999999998
Emre Can,Bundesliga,D,621,3,0,2.4487,0.43478260869565216,0.0,0.5512999999999999
Niklas Süle,Bundesliga,D,443,0,1,0.0337,0.0,0.20316027088036115,-0.0337
Julian Ryerson,Bundesliga,D,1485,0,11,0.5691,0.0,0.6666666666666667,-0.5691
Filippo Mané,Bundesliga,D,132,0,0,,0.0,0.0,
Waldemar Anton,Bundesliga,D,2070,2,0,1.3974,0.08695652173913043,0.0,0.6026
Luca Reggiani,Bundesliga,D,110,0,0,0.0146,0.0,0.0,-0.0146
Gregor Kobel,Bundesliga,G,2250,0,0,,0.0,0.0,
Andrej Kramarić,Bundesliga,F,1587,10,5,7.9868,0.5671077504725898,0.2835538752362949,2.0132000000000003
Fisnik Asllani,Bundesliga,F,1700,8,5,6.4313,0.4235294117647058,0.2647058823529412,1.5686999999999998
Adam Hložek,Bundesliga,F,21,0,0,0.09,0.0,0.0,-0.09
Max Moerstedt,Bundesliga,F,355,2,0,0.7511,0.5070422535211268,0.0,1.2489
Tim Lemperle,Bundesliga,F,1320,7,2,6.1204,0.4772727272727273,0.13636363636363635,0.8795999999999999
Ihlas Bebou,Bundesliga,F,193,0,0,0.5374,0.0,0.0,-0.5374
Yannick Eduardo,Bundesliga,F,1,0,0,,0.0,0.0,
Bazoumana Touré,Bundesliga,M,1618,2,6,3.0439,0.11124845488257107,0.33374536464771326,-1.0438999999999998
Cole Campbell,Bundesliga,M,24,0,0,0.1163,0.0,0.0,-0.1163
Leon Avdullahu,Bundesliga,M,2190,0,1,0.547,0.0,0.0410958904109589,-0.547
Wouter Burger,Bundesliga,M,1751,4,5,2.6025,0.20559680182752713,0.2569960022844089,1.3975
Alexander Prass,Bundesliga,M,952,3,2,1.1336,0.28361344537815125,0.18907563025210083,1.8664
Muhammed Damar,Bundesliga,M,286,0,0,0.9968,0.0,0.0,-0.9968
Grischa Prömel,Bundesliga,M,1371,6,2,4.2615,0.3938730853391685,0.13129102844638948,1.7385000000000002
Luka Duric,Bundesliga,M,9,0,0,,0.0,0.0,
Ozan Kabak,Bundesliga,D,953,4,0,2.8621,0.3777544596012592,0.0,1.1379000000000001
Vladimír Coufal,Bundesliga,D,2237,1,6,0.6371,0.04023245417970496,0.2413947250782298,0.3629
Koki Machida,Bundesliga,D,44,0,0,,0.0,0.0,
Albian Hajdari,Bundesliga,D,1812,1,1,1.5232,0.04966887417218543,0.04966887417218543,-0.5232000000000001
Bernardo,Bundesliga,D,1686,0,0,0.2308,0.0,0.0,-0.2308
Kevin Akpoguma,Bundesliga,D,42,0,0,,0.0,0.0,
Robin Hranáč,Bundesliga,D,1944,0,0,1.8655,0.0,0.0,-1.8655
Valentin Gendrey,Bundesliga,D,69,1,1,0.2803,1.3043478260869565,1.3043478260869565,0.7197
Oliver Baumann,Bundesliga,G,2250,0,0,,0.0,0.0,
Deniz Undav,Bundesliga,F,1556,15,4,11.1361,0.8676092544987146,0.2313624678663239,3.8638999999999992
Ermedin Demirović,Bundesliga,F,1090,8,2,4.8063,0.6605504587155964,0.1651376146788991,3.1936999999999998
Jeremy Arevalo,Bundesliga,F,45,0,1,0.1291,0.0,2.0,-0.1291
Tiago Tomás,Bundesliga,F,714,3,2,4.1305,0.37815126050420167,0.25210084033613445,-1.1304999999999996
Bilal El Khannouss,Bundesliga,M,1259,3,3,1.7724,0.21445591739475775,0.21445591739475775,1.2276
Badredine Bouanani,Bundesliga,M,461,0,0,0.6776,0.0,0.0,-0.6776
Chema Andrés,Bundesliga,M,872,1,0,0.8519,0.10321100917431193,0.0,0.1481
Angelo Stiller,Bundesliga,M,1967,1,5,2.1802,0.045754956786985254,0.22877478393492626,-1.1802000000000001
Jamie Leweling,Bundesliga,M,1766,7,6,3.7514,0.3567383918459796,0.3057757644394111,3.2486
Chris Führich,Bundesliga,M,1098,4,4,2.2534,0.32786885245901637,0.32786885245901637,1.7466
Atakan Karazor,Bundesliga,M,1544,0,0,0.726,0.0,0.0,-0.726
Lazar Jovanović,Bundesliga,M,43,0,0,0.0699,0.0,0.0,-0.0699
Nikolas Nartey,Bundesliga,M,893,2,1,1.5474,0.20156774916013437,0.10078387458006718,0.4525999999999999
Lorenz Assignon,Bundesliga,M,778,0,0,0.5255,0.0,0.0,-0.5255
Maximilian Mittelstädt,Bundesliga,D,1604,4,3,3.1393,0.22443890274314213,0.16832917705735662,0.8607
Finn Jeltsch,Bundesliga,D,1188,0,1,0.1457,0.0,0.07575757575757576,-0.1457
Dan-Axel Zagadou,Bundesliga,D,165,0,0,0.2831,0.0,0.0,-0.2831
Jeff Chabot,Bundesliga,D,1701,0,0,0.8509,0.0,0.0,-0.8509
Ameen Al-Dakhil,Bundesliga,D,390,0,0,0.0647,0.0,0.0,-0.0647
Josha Vagnoman,Bundesliga,D,1410,1,3,2.8863,0.06382978723404256,0.19148936170212766,-1.8862999999999999
Ramon Hendriks,Bundesliga,D,1338,0,2,0.1617,0.0,0.13452914798206278,-0.1617
Luca Jaquez,Bundesliga,D,556,0,1,0.066,0.0,0.16187050359712232,-0.066
Pascal Stenzel,Bundesliga,D,107,0,0,0.3101,0.0,0.0,-0.3101
Alexander Nübel,Bundesliga,G,2250,0,1,,0.0,0.04,
Yan Diomande,Bundesliga,F,1716,10,5,5.4986,0.5244755244755245,0.26223776223776224,4.5014
Antonio Nusa,Bundesliga,F,1535,2,2,3.9544,0.11726384364820848,0.11726384364820848,-1.9544000000000001
Johan Bakayoko,Bundesliga,F,714,2,0,1.5388,0.25210084033613445,0.0,0.46120000000000005
Conrad Harder,Bundesliga,F,743,2,3,3.5942,0.24226110363391656,0.3633916554508748,-1.5941999999999998
Rômulo,Bundesliga,F,1594,7,4,9.9034,0.3952321204516938,0.22584692597239647,-2.9033999999999995
Samba Konaté,Bundesliga,F,8,0,0,0.0174,0.0,0.0,-0.0174
Assan Ouédraogo,Bundesliga,M,626,3,3,1.9831,0.43130990415335463,0.43130990415335463,1.0169
Andrija Maksimović,Bundesliga,M,88,0,0,0.0796,0.0,0.0,-0.0796
Brajan Gruda,Bundesliga,M,387,1,1,1.3732,0.23255813953488372,0.23255813953488372,-0.3732
Christoph Baumgartner,Bundesliga,M,1983,10,6,10.3014,0.45385779122541603,0.2723146747352496,-0.3013999999999992
Nicolas Seiwald,Bundesliga,M,2125,0,2,1.1487,0.0,0.08470588235294117,-1.1487
Ezechiel Banzuzi,Bundesliga,M,475,0,1,1.2665,0.0,0.18947368421052632,-1.2665
Xaver Schlager,Bundesliga,M,1302,2,1,1.4907,0.1382488479262673,0.06912442396313365,0.5093000000000001
Tidiam Gomis,Bundesliga,M,326,1,0,0.4889,0.27607361963190186,0.0,0.5111
Willi Orbán,Bundesliga,D,2230,1,0,2.2922,0.04035874439461883,0.0,-1.2921999999999998
Castello Lukeba,Bundesliga,D,1716,1,0,1.1364,0.05244755244755245,0.0,-0.13640000000000008
Kosta Nedeljković,Bundesliga,D,252,0,0,,0.0,0.0,
David Raum,Bundesliga,D,2124,3,5,2.0733,0.1271186440677966,0.211864406779661,0.9266999999999999
El Chadaille Bitshiabu,Bundesliga,D,357,0,0,0.1388,0.0,0.0,-0.1388
Ridle Baku,Bundesliga,D,1802,1,3,1.4793,0.049944506104328525,0.14983351831298555,-0.47930000000000006
Benjamin Henrichs,Bundesliga,D,185,0,0,0.1409,0.0,0.0,-0.1409
Lukas Klostermann,Bundesliga,D,13,0,0,0.0256,0.0,0.0,-0.0256
Max Finkgräfe,Bundesliga,D,129,0,0,0.0778,0.0,0.0,-0.0778
Péter Gulácsi,Bundesliga,G,1919,0,0,,0.0,0.0,
Maarten Vandevoordt,Bundesliga,G,331,0,0,,0.0,0.0,
Christian Kofane,Bundesliga,F,990,5,3,5.2661,0.4545454545454546,0.2727272727272727,-0.2660999999999998
Patrik Schick,Bundesliga,F,1314,7,2,9.0938,0.4794520547945205,0.136986301369863,-2.0938
Ernest Poku,Bundesliga,F,1303,5,4,2.8546,0.34535686876438987,0.2762854950115119,2.1454
Jonas Hofmann,Bundesliga,F,965,2,2,1.577,0.18652849740932642,0.18652849740932642,0.42300000000000004
Martin Terrier,Bundesliga,F,618,4,1,2.5543,0.5825242718446603,0.14563106796116507,1.4457
Montrell Culbreath,Bundesliga,F,108,1,0,0.9096,0.8333333333333333,0.0,0.09040000000000004
Ibrahim Maza,Bundesliga,M,1129,2,3,1.9235,0.15943312666076173,0.23914968999114258,0.07650000000000001
Eliesse Ben Seghir,Bundesliga,M,204,0,0,0.1227,0.0,0.0,-0.1227
Alejandro Grimaldo,Bundesliga,M,1804,6,5,4.8121,0.29933481152993346,0.2494456762749446,1.1879
Exequiel Palacios,Bundesliga,M,373,0,0,0.2262,0.0,0.0,-0.2262
Ezequiel Fernández,Bundesliga,M,830,0,0,0.5382,0.0,0.0,-0.5382
Malik Tillman,Bundesliga,M,1372,4,0,2.8657,0.26239067055393583,0.0,1.1343
Aleix García,Bundesliga,M,2031,1,5,1.658,0.044313146233382575,0.22156573116691286,-0.6579999999999999
Nathan Tella,Bundesliga,M,458,0,2,1.0439,0.0,0.3930131004366812,-1.0439
Arthur,Bundesliga,M,1048,1,3,0.9189,0.08587786259541984,0.25763358778625955,0.08109999999999995
Lucas Vázquez,Bundesliga,D,403,1,2,0.4682,0.22332506203473945,0.4466501240694789,0.5318
Edmond Tapsoba,Bundesliga,D,1856,4,2,1.8527,0.1939655172413793,0.09698275862068965,2.1473
Jarell Quansah,Bundesliga,D,1705,3,0,1.1339,0.15835777126099707,0.0,1.8661
Robert Andrich,Bundesliga,D,1858,1,0,0.359,0.04843918191603875,0.0,0.641
Loïc Badé,Bundesliga,D,1377,0,0,0.9982,0.0,0.0,-0.9982
Axel Tape,Bundesliga,D,221,0,0,0.2243,0.0,0.0,-0.2243
Tim Oermann,Bundesliga,D,8,0,0,,0.0,0.0,
Mark Flekken,Bundesliga,G,1500,0,0,,0.0,0.0,
Janis Blaswich,Bundesliga,G,750,0,0,,0.0,0.0,
Michy Batshuayi,Bundesliga,F,140,1,0,1.1322,0.6428571428571428,0.0,-0.1322000000000001
Jonathan Burkardt,Bundesliga,F,882,9,0,7.7832,0.9183673469387754,0.0,1.2168
Arnaud Kalimuendo,Bundesliga,F,679,3,1,2.237,0.39764359351988215,0.1325478645066274,0.7629999999999999
Ansgar Knauff,Bundesliga,F,1014,4,1,3.3458,0.3550295857988166,0.08875739644970415,0.6541999999999999
Younes Ebnoutalib,Bundesliga,F,110,1,0,0.3975,0.8181818181818181,0.0,0.6025
Ayoube Amaimouni-Echghouyab,Bundesliga,F,241,2,1,0.1884,0.7468879668049793,0.37344398340248963,1.8115999999999999
Farès Chaïbi,Bundesliga,M,1295,2,8,1.6516,0.138996138996139,0.555984555984556,0.34840000000000004
Can Uzun,Bundesliga,M,807,6,3,2.584,0.6691449814126393,0.33457249070631967,3.416
Mario Götze,Bundesliga,M,763,0,0,0.565,0.0,0.0,-0.565
Ritsu Doan,Bundesliga,M,1928,4,5,2.5226,0.18672199170124482,0.23340248962655602,1.4773999999999998
Ellyes Skhiri,Bundesliga,M,1024,0,0,0.345,0.0,0.0,-0.345
Hugo Larsson,Bundesliga,M,1229,1,2,0.8017,0.07323026851098453,0.14646053702196907,0.19830000000000003
Jean-Mattéo Bahoya,Bundesliga,M,1109,3,3,1.8482,0.24346257889990985,0.24346257889990985,1.1518
Mahmoud Dahoud,Bundesliga,M,639,2,2,0.8136,0.28169014084507044,0.28169014084507044,1.1864
Oscar Højlund,Bundesliga,M,745,0,1,0.0977,0.0,0.12080536912751677,-0.0977
Love Arrhov,Bundesliga,M,22,0,0,,0.0,0.0,
Arthur Theate,Bundesliga,D,1702,1,0,0.6995,0.052878965922444184,0.0,0.3005
Nathaniel Brown,Bundesliga,D,1893,3,4,2.2926,0.14263074484944532,0.1901743264659271,0.7073999999999998
Robin Koch,Bundesliga,D,2132,3,0,1.2983,0.12664165103189493,0.0,1.7017
Rasmus Kristensen,Bundesliga,D,1434,2,0,0.6536,0.12552301255230125,0.0,1.3464
Nnamdi Collins,Bundesliga,D,1354,1,2,0.2069,0.06646971935007386,0.1329394387001477,0.7931
Elias Baum,Bundesliga,D,26,0,0,,0.0,0.0,
Aurèle Amenda,Bundesliga,D,883,0,0,0.6023,0.0,0.0,-0.6023
Kauã Santos,Bundesliga,G,1085,0,0,,0.0,0.0,
Michael Zetterer,Bundesliga,G,1165,0,0,,0.0,0.0,
Igor Matanović,Bundesliga,F,949,6,1,7.2859,0.5690200210748156,0.09483667017913593,-1.2858999999999998
Lucas Höler,Bundesliga,F,1466,1,1,2.7799,0.061391541609822645,0.061391541609822645,-1.7799
Derry Scherhant,Bundesliga,F,771,4,1,1.836,0.4669260700389105,0.11673151750972763,2.1639999999999997
Cyriaque Irié,Bundesliga,M,130,0,0,0.1197,0.0,0.0,-0.1197
Yuito Suzuki,Bundesliga,M,1325,4,2,3.3359,0.27169811320754716,0.13584905660377358,0.6640999999999999
Vincenzo Grifo,Bundesliga,M,1275,7,1,5.3323,0.49411764705882355,0.07058823529411765,1.6677
Johan Manzambi,Bundesliga,M,1459,3,2,2.1237,0.1850582590815627,0.12337217272104181,0.8763000000000001
Jan-Niklas Beste,Bundesliga,M,1300,1,2,2.6289,0.06923076923076923,0.13846153846153847,-1.6288999999999998
Maximilian Eggestein,Bundesliga,M,2250,2,0,3.1689,0.08,0.0,-1.1688999999999998
Patrick Osterhage,Bundesliga,M,1187,1,0,0.9536,0.07582139848357203,0.0,0.0464
Philipp Treu,Bundesliga,M,1628,1,2,0.7736,0.05528255528255528,0.11056511056511056,0.22640000000000005
Nicolas Höfler,Bundesliga,M,101,0,0,0.0629,0.0,0.0,-0.0629
Matthias Ginter,Bundesliga,D,2160,2,3,1.8333,0.08333333333333334,0.125,0.16670000000000007
Philipp Lienhart,Bundesliga,D,896,0,0,0.6904,0.0,0.0,-0.6904
Christian Günter,Bundesliga,D,1158,0,3,0.3571,0.0,0.23316062176165803,-0.3571
Jordy Makengo,Bundesliga,D,864,0,0,,0.0,0.0,
Bruno Ogbus,Bundesliga,D,670,0,0,0.1789,0.0,0.0,-0.1789
Lukas Kübler,Bundesliga,D,1213,2,1,3.1476,0.1483924154987634,0.0741962077493817,-1.1476000000000002
Max Rosenfelder,Bundesliga,D,507,0,0,0.0154,0.0,0.0,-0.0154
Anthony Jung,Bundesliga,D,494,0,0,0.0271,0.0,0.0,-0.0271
Noah Atubolu,Bundesliga,G,2250,0,0,,0.0,0.0,
Rodrigo Ribeiro,Bundesliga,F,297,2,0,2.3394,0.6060606060606061,0.0,-0.3393999999999999
Michael Gregoritsch,Bundesliga,F,424,3,1,1.6982,0.6367924528301887,0.2122641509433962,1.3018
Alexis Claude-Maurice,Bundesliga,F,1532,4,4,4.864,0.2349869451697128,0.2349869451697128,-0.8639999999999999
Uchenna Ogundu,Bundesliga,F,9,0,0,,0.0,0.0,
Ismael Gharbi,Bundesliga,M,91,0,0,0.2289,0.0,0.0,-0.2289
Kristijan Jakić,Bundesliga,M,1389,1,1,0.7484,0.06479481641468682,0.06479481641468682,0.25160000000000005
Fabian Rieder,Bundesliga,M,1549,3,3,2.7384,0.17430600387346676,0.17430600387346676,0.26160000000000005
Dimitrios Giannoulis,Bundesliga,M,1307,2,3,1.1371,0.13771996939556236,0.20657995409334354,0.8629
Mert Kömür,Bundesliga,M,1305,2,3,3.016,0.13793103448275862,0.20689655172413793,-1.016
Han-Noah Massengo,Bundesliga,M,2038,2,1,1.1314,0.08832188420019627,0.04416094210009813,0.8686
Marius Wolf,Bundesliga,M,688,1,0,0.9749,0.1308139534883721,0.0,0.02510000000000001
Elvis Rexhbeçaj,Bundesliga,M,1004,2,0,0.4993,0.17928286852589642,0.0,1.5007
Anton Kade,Bundesliga,M,1060,2,0,3.082,0.16981132075471697,0.0,-1.0819999999999999
Yannik Keitel,Bundesliga,M,164,0,0,,0.0,0.0,
Robin Fellhauer,Bundesliga,M,2050,2,1,1.6896,0.08780487804878048,0.04390243902439024,0.3104
Noahkai Banks,Bundesliga,D,1664,1,1,1.132,0.054086538461538464,0.054086538461538464,-0.1319999999999999
Chrislain Matsima,Bundesliga,D,1260,1,1,0.3857,0.07142857142857142,0.07142857142857142,0.6143000000000001
Arthur Chaves,Bundesliga,D,549,1,0,0.3298,0.16393442622950818,0.0,0.6702
Keven Schlotterbeck,Bundesliga,D,1746,0,1,1.3706,0.0,0.051546391752577324,-1.3706
Cedric Zesiger,Bundesliga,D,1030,0,0,0.4055,0.0,0.0,-0.4055
Jeffrey Gouweleeuw,Bundesliga,D,365,0,0,0.0965,0.0,0.0,-0.0965
Mads Pedersen,Bundesliga,D,184,0,0,0.0928,0.0,0.0,-0.0928
Finn Dahmen,Bundesliga,G,2250,0,0,0.3174,0.0,0.0,-0.3174
Yussuf Poulsen,Bundesliga,F,298,1,0,0.7568,0.30201342281879195,0.0,0.24319999999999997
Ransford Yeboah Königsdörffer,Bundesliga,F,1712,4,0,6.2771,0.2102803738317757,0.0,-2.2771
Robert Glatzel,Bundesliga,F,321,1,1,1.0853,0.2803738317757009,0.2803738317757009,-0.08529999999999993
Damion Downs,Bundesliga,F,416,0,0,0.5908,0.0,0.0,-0.5908
Jean-Luc Dompé,Bundesliga,F,1112,3,0,2.0813,0.24280575539568347,0.0,0.9186999999999999
Rayan Philippe,Bundesliga,F,1097,5,0,4.5285,0.4102096627164995,0.0,0.4714999999999998
Otto Stange,Bundesliga,F,40,0,0,0.2801,0.0,0.0,-0.2801
Fabio Baldé,Bundesliga,F,312,0,1,0.3508,0.0,0.28846153846153844,-0.3508
Fábio Vieira,Bundesliga,M,1443,4,4,3.5452,0.2494802494802495,0.2494802494802495,0.4548000000000001
Albert Sambi Lokonga,Bundesliga,M,1178,4,0,1.2218,0.30560271646859083,0.0,2.7782
Philip Otele,Bundesliga,M,350,0,1,0.1597,0.0,0.2571428571428571,-0.1597
Alexander Røssing-Lelesiit,Bundesliga,M,332,0,1,0.0763,0.0,0.27108433734939763,-0.0763
Bakery Jatta,Bundesliga,M,695,0,1,0.4129,0.0,0.12949640287769784,-0.4129
Nicolai Remberg,Bundesliga,M,2160,0,1,0.9834,0.0,0.04166666666666667,-0.9834
Luka Vušković,Bundesliga,D,1980,5,0,3.962,0.2272727272727273,0.0,1.0379999999999998
Giorgi Gocholeishvili,Bundesliga,D,879,0,1,0.7261,0.0,0.10238907849829351,-0.7261
Nicolás Capaldo,Bundesliga,D,1548,1,1,1.1148,0.05813953488372093,0.05813953488372093,-0.11480000000000001
Miro Muheim,Bundesliga,D,2091,0,4,1.0858,0.0,0.17216642754662842,-1.0858
Jordan Torunarigha,Bundesliga,D,1264,0,0,0.077,0.0,0.0,-0.077
Warmed Omari,Bundesliga,D,813,0,0,0.0951,0.0,0.0,-0.0951
Daniel Elfadli,Bundesliga,D,1172,0,0,0.2154,0.0,0.0,-0.2154
William Mikelbrencis,Bundesliga,D,881,0,2,0.8601,0.0,0.2043132803632236,-0.8601
Daniel Heuer Fernandes,Bundesliga,G,2250,0,0,0.2599,0.0,0.0,-0.2599
Ilyas Ansah,Bundesliga,F,1532,5,1,2.7434,0.29373368146214096,0.0587467362924282,2.2566
Woo-Yeong Jeong,Bundesliga,F,1022,2,1,1.8444,0.1761252446183953,0.08806262230919765,0.15559999999999996
Andrej Ilić,Bundesliga,F,1584,1,7,7.7275,0.05681818181818182,0.3977272727272727,-6.7275
Oliver Burke,Bundesliga,F,1105,4,1,2.9266,0.3257918552036199,0.08144796380090498,1.0734
Livan Burcu,Bundesliga,F,304,0,0,1.0233,0.0,0.0,-1.0233
Dmytro Bogdanov,Bundesliga,F,1,0,0,,0.0,0.0,
Josip Juranović,Bundesliga,M,187,0,0,0.0671,0.0,0.0,-0.0671
András Schäfer,Bundesliga,M,1007,1,0,1.3905,0.08937437934458788,0.0,-0.39050000000000007
Derrick Köhn,Bundesliga,M,1536,1,1,1.5419,0.05859375,0.05859375,-0.5419
Rani Khedira,Bundesliga,M,2120,5,0,1.7601,0.2122641509433962,0.0,3.2399
Tom Rothe,Bundesliga,M,539,1,0,0.7756,0.16697588126159554,0.0,0.22440000000000004
Robert Skov,Bundesliga,M,223,0,0,0.0197,0.0,0.0,-0.0197
Alex Král,Bundesliga,M,298,0,0,0.1374,0.0,0.0,-0.1374
Christopher Trimmel,Bundesliga,M,1394,0,2,0.0311,0.0,0.1291248206599713,-0.0311
Aljoscha Kemlein,Bundesliga,M,1521,0,1,0.8015,0.0,0.0591715976331361,-0.8015
Tim Skarke,Bundesliga,M,416,1,0,0.8083,0.21634615384615385,0.0,0.19169999999999998
Janik Haberer,Bundesliga,M,1240,0,1,0.5791,0.0,0.07258064516129033,-0.5791
Leopold Querfeld,Bundesliga,D,2250,2,0,3.468,0.08,0.0,-1.468
Diogo Leite,Bundesliga,D,1361,0,0,1.1194,0.0,0.0,-1.1194
Danilho Doekhi,Bundesliga,D,2250,4,0,3.0778,0.16,0.0,0.9222000000000001
Stanley N'Soki,Bundesliga,D,621,1,1,0.1614,0.14492753623188406,0.14492753623188406,0.8386
Frederik Rønnow,Bundesliga,G,2250,0,0,,0.0,0.0,
Alejo Sarco,Bundesliga,F,118,0,0,0.2195,0.0,0.0,-0.2195
Haris Tabaković,Bundesliga,F,1780,11,2,10.9156,0.5561797752808989,0.10112359550561799,0.08440000000000047
Tim Kleindienst,Bundesliga,F,9,0,0,,0.0,0.0,
Shuto Machino,Bundesliga,F,865,3,0,2.6622,0.31213872832369943,0.0,0.3378000000000001
Giovanni Reyna,Bundesliga,M,410,0,0,0.2669,0.0,0.0,-0.2669
Rocco Reitz,Bundesliga,M,2027,0,2,1.6821,0.0,0.08880118401578689,-1.6821
Jens Castrop,Bundesliga,M,1120,1,0,2.2264,0.08035714285714285,0.0,-1.2264
Florian Neuhaus,Bundesliga,M,897,0,1,0.9992,0.0,0.10033444816053512,-0.9992
Hugo Bolin,Bundesliga,M,200,0,0,0.2513,0.0,0.0,-0.2513
Wael Mohya,Bundesliga,M,240,1,0,0.7002,0.375,0.0,0.29979999999999996
Kevin Stöger,Bundesliga,M,783,0,1,1.9133,0.0,0.1149425287356322,-1.9133
Franck Honorat,Bundesliga,M,1432,0,5,0.7161,0.0,0.3142458100558659,-0.7161
Robin Hack,Bundesliga,M,248,0,0,0.4631,0.0,0.0,-0.4631
Yannik Engelhardt,Bundesliga,M,1719,2,1,1.3158,0.10471204188481675,0.05235602094240838,0.6841999999999999
Philipp Sander,Bundesliga,M,1648,1,0,0.8826,0.05461165048543689,0.0,0.11739999999999995
Kevin Diks,Bundesliga,D,1864,4,0,4.8924,0.19313304721030042,0.0,-0.8924000000000003
Kota Takai,Bundesliga,D,345,0,0,0.1637,0.0,0.0,-0.1637
Joseph Scally,Bundesliga,D,1823,1,2,1.0656,0.04936917169500823,0.09873834339001646,-0.0656000000000001
Nico Elvedi,Bundesliga,D,2250,0,0,0.3956,0.0,0.0,-0.3956
Fabio Chiarodia,Bundesliga,D,417,0,0,0.1347,0.0,0.0,-0.1347
Lukas Ullrich,Bundesliga,D,1086,0,0,0.4301,0.0,0.0,-0.4301
Marvin Friedrich,Bundesliga,D,154,0,0,,0.0,0.0,
Moritz Nicolas,Bundesliga,G,2250,0,0,,0.0,0.0,
Victor Okoh Boniface,Bundesliga,F,325,0,2,1.0752,0.0,0.5538461538461539,-1.0752
Jovan Milošević,Bundesliga,F,302,3,0,1.6956,0.8940397350993378,0.0,1.3044
Keke Topp,Bundesliga,F,614,1,1,1.883,0.1465798045602606,0.1465798045602606,-0.883
Justin Njinmah,Bundesliga,F,1320,4,0,4.7038,0.2727272727272727,0.0,-0.7038000000000002
Marco Grüll,Bundesliga,F,1642,3,1,3.1464,0.16443361753958585,0.05481120584652862,-0.14639999999999986
Samuel Mbangula,Bundesliga,M,996,3,2,1.2121,0.27108433734939763,0.18072289156626503,1.7879
Cameron Puertas,Bundesliga,M,1223,0,1,1.1331,0.0,0.07358953393295176,-1.1331
Romano Schmid,Bundesliga,M,2199,2,7,5.6442,0.08185538881309685,0.286493860845839,-3.6441999999999997
Jens Stage,Bundesliga,M,1977,7,2,4.8611,0.31866464339908956,0.09104704097116845,2.1388999999999996
Felix Agu,Bundesliga,M,577,0,0,0.0592,0.0,0.0,-0.0592
Patrice Čović,Bundesliga,M,265,1,0,1.1137,0.33962264150943394,0.0,-0.11369999999999991
Senne Lynen,Bundesliga,M,2127,0,0,0.6541,0.0,0.0,-0.6541
Leonardo Bittencourt,Bundesliga,M,284,0,1,0.0706,0.0,0.31690140845070425,-0.0706
Yukinari Sugawara,Bundesliga,D,1935,0,4,1.7893,0.0,0.18604651162790697,-1.7893
Karim Coulibaly,Bundesliga,D,1733,1,0,0.6601,0.05193306405077899,0.0,0.3399
Julián Malatini,Bundesliga,D,485,0,0,0.0297,0.0,0.0,-0.0297
Marco Friedl,Bundesliga,D,2030,1,0,0.6777,0.04433497536945812,0.0,0.32230000000000003
Isaac Schmidt,Bundesliga,D,524,1,0,0.9949,0.17175572519083968,0.0,0.005099999999999993
Olivier Deman,Bundesliga,D,445,1,1,0.2629,0.20224719101123598,0.20224719101123598,0.7371
Amos Pieper,Bundesliga,D,960,0,0,0.4179,0.0,0.0,-0.4179
Niklas Stark,Bundesliga,D,587,0,0,0.4063,0.0,0.0,-0.4063
Karl Hein,Bundesliga,G,180,0,0,,0.0,0.0,
Mio Backhaus,Bundesliga,G,2070,0,0,,0.0,0.0,
Ragnar Ache,Bundesliga,F,1365,5,3,7.3807,0.32967032967032966,0.1978021978021978,-2.3807
Fynn Schenten,Bundesliga,F,118,0,0,0.0273,0.0,0.0,-0.0273
Luca Waldschmidt,Bundesliga,F,526,3,3,3.3007,0.5133079847908746,0.5133079847908746,-0.30069999999999997
Marius Bülter,Bundesliga,F,1206,3,3,3.5809,0.22388059701492538,0.22388059701492538,-0.5809000000000002
Youssoupha Niang,Bundesliga,F,121,0,0,0.2993,0.0,0.0,-0.2993
Jakub Kamiński,Bundesliga,M,2230,6,2,4.077,0.242152466367713,0.08071748878923767,1.923
Felipe Chávez,Bundesliga,M,46,0,0,0.0803,0.0,0.0,-0.0803
Said El Mala,Bundesliga,M,1236,8,3,6.6103,0.5825242718446603,0.21844660194174756,1.3897000000000004
Denis Huseinbašić,Bundesliga,M,670,0,0,0.4192,0.0,0.0,-0.4192
Eric Martel,Bundesliga,M,1943,1,2,1.032,0.04632012352032939,0.09264024704065878,-0.03200000000000003
Ísak Bergmann Jóhannesson,Bundesliga,M,1277,1,1,1.1463,0.07047768206734534,0.07047768206734534,-0.1463000000000001
Florian Kainz,Bundesliga,M,235,1,0,0.7203,0.3829787234042553,0.0,0.27969999999999995
Linton Maina,Bundesliga,M,630,2,0,1.0499,0.2857142857142857,0.0,0.9501
Tom Krauß,Bundesliga,M,1474,0,1,0.347,0.0,0.061058344640434185,-0.347
Jan Thielmann,Bundesliga,M,1286,3,1,1.8041,0.2099533437013997,0.06998444790046657,1.1959
Alessio Castro-Montes,Bundesliga,M,428,0,3,0.1818,0.0,0.6308411214953271,-0.1818
Jahmai Simpson-Pusey,Bundesliga,D,416,0,0,0.3137,0.0,0.0,-0.3137
Rav van den Berg,Bundesliga,D,868,0,0,,0.0,0.0,
Cenk Özkaçar,Bundesliga,D,992,0,0,0.5597,0.0,0.0,-0.5597
Kristoffer Lund,Bundesliga,D,1623,0,1,0.677,0.0,0.05545286506469501,-0.677
Timo Hübers,Bundesliga,D,669,0,0,,0.0,0.0,
Sebastian Sebulonsen,Bundesliga,D,1874,0,0,1.2112,0.0,0.0,-1.2112
Joel Schmied,Bundesliga,D,954,0,0,0.2177,0.0,0.0,-0.2177
Dominique Heintz,Bundesliga,D,390,0,0,,0.0,0.0,
Cenny Neumann,Bundesliga,D,13,0,0,,0.0,0.0,
Marvin Schwäbe,Bundesliga,G,2250,0,0,,0.0,0.0,
Jae-sung Lee,Bundesliga,F,1913,3,2,2.5552,0.1411395713538944,0.09409304756926293,0.44479999999999986
Sheraldo Becker,Bundesliga,F,245,1,0,0.7104,0.3673469387755102,0.0,0.28959999999999997
Paul Nebel,Bundesliga,F,1329,1,1,2.7707,0.06772009029345372,0.06772009029345372,-1.7707000000000002
Nelson Weiper,Bundesliga,F,480,0,0,2.1699,0.0,0.0,-2.1699
William Bøving,Bundesliga,F,200,0,1,0.0223,0.0,0.45,-0.0223
Armindo Sieb,Bundesliga,F,452,2,0,2.012,0.39823008849557523,0.0,-0.01200000000000001
Benedict Hollerbach,Bundesliga,F,882,1,2,2.0241,0.10204081632653061,0.20408163265306123,-1.0240999999999998
Phillip Tietz,Bundesliga,F,1057,2,2,4.9213,0.17029328287606432,0.17029328287606432,-2.9212999999999996
Silas,Bundesliga,M,342,1,0,1.6829,0.2631578947368421,0.0,-0.6829000000000001
Nadiem Amiri,Bundesliga,M,1651,10,2,7.1973,0.5451241671714113,0.10902483343428225,2.8026999999999997
Kaishu Sano,Bundesliga,M,2249,1,1,0.9344,0.040017785682525564,0.040017785682525564,0.06559999999999999
Silvan Widmer,Bundesliga,M,1336,2,0,2.2583,0.1347305389221557,0.0,-0.2583000000000002
Phillipp Mwene,Bundesliga,M,1383,0,0,0.8596,0.0,0.0,-0.8596
Sota Kawasaki,Bundesliga,M,230,0,0,0.0789,0.0,0.0,-0.0789
Anthony Caci,Bundesliga,M,313,0,0,0.3025,0.0,0.0,-0.3025
Lennard Maloney,Bundesliga,M,461,0,0,0.2609,0.0,0.0,-0.2609
Stefan Posch,Bundesliga,D,630,0,0,0.1357,0.0,0.0,-0.1357
Kacper Potulski,Bundesliga,D,758,1,0,1.1534,0.11873350923482849,0.0,-0.15339999999999998
Andreas Hanche-Olsen,Bundesliga,D,850,0,1,0.3527,0.0,0.10588235294117646,-0.3527
Dominik Kohr,Bundesliga,D,1669,1,0,0.9977,0.05392450569203116,0.0,0.0022999999999999687
Danny da Costa,Bundesliga,D,2021,2,3,1.454,0.08906481939633845,0.13359722909450766,0.546
Nikolas Veratschnig,Bundesliga,D,428,0,1,0.0646,0.0,0.2102803738317757,-0.0646
Stefan Bell,Bundesliga,D,1049,2,1,1.7317,0.17159199237368922,0.08579599618684461,0.2683
Maxim Leitsch,Bundesliga,D,162,0,0,0.0182,0.0,0.0,-0.0182
Robin Zentner,Bundesliga,G,787,0,0,,0.0,0.0,
Daniel Batz,Bundesliga,G,1170,0,0,,0.0,0.0,
Lasse Riess,Bundesliga,G,291,0,0,,0.0,0.0,
Andreas Hountondji,Bundesliga,F,616,4,0,2.0226,0.5844155844155845,0.0,1.9773999999999998
Martijn Kaars,Bundesliga,F,1001,3,0,3.0163,0.26973026973026976,0.0,-0.016300000000000203
Danel Sinani,Bundesliga,F,1484,4,3,4.2588,0.24258760107816713,0.18194070080862534,-0.2587999999999999
Abdoulie Ceesay,Bundesliga,F,231,0,0,0.5061,0.0,0.0,-0.5061
Taichi Hara,Bundesliga,F,22,0,0,0.1437,0.0,0.0,-0.1437
Ricky-Jade Jones,Bundesliga,F,336,2,0,1.6236,0.5357142857142857,0.0,0.37640000000000007
Mathias Pereira Lage,Bundesliga,F,1614,1,2,3.6864,0.055762081784386616,0.11152416356877323,-2.6864
Joel Chima Fujita,Bundesliga,M,2037,1,3,0.8585,0.04418262150220913,0.1325478645066274,0.14149999999999996
Arkadiusz Pyrka,Bundesliga,M,1772,0,1,0.5274,0.0,0.05079006772009029,-0.5274
Jackson Irvine,Bundesliga,M,919,0,0,0.8134,0.0,0.0,-0.8134
James Sands,Bundesliga,M,1941,1,0,1.0012,0.04636785162287481,0.0,-0.0012000000000000899
Manolis Saliakas,Bundesliga,M,1022,1,3,0.5087,0.08806262230919765,0.26418786692759294,0.49129999999999996
Mathias Rasmussen,Bundesliga,M,293,0,0,0.254,0.0,0.0,-0.254
Connor Metcalfe,Bundesliga,M,298,0,1,0.4439,0.0,0.30201342281879195,-0.4439
Karol Mets,Bundesliga,D,1484,0,0,0.1118,0.0,0.0,-0.1118
Adam Dźwigała,Bundesliga,D,1016,1,1,0.0851,0.08858267716535433,0.08858267716535433,0.9149
Tomoya Ando,Bundesliga,D,542,0,0,0.0798,0.0,0.0,-0.0798
Eric Smith,Bundesliga,D,1935,2,2,0.4669,0.09302325581395349,0.09302325581395349,1.5331000000000001
Louis Oppie,Bundesliga,D,1404,1,0,0.856,0.06410256410256411,0.0,0.14400000000000002
Hauke Wahl,Bundesliga,D,1845,2,0,0.4536,0.0975609756097561,0.0,1.5464
Lars Ritzka,Bundesliga,D,557,0,0,0.1028,0.0,0.0,-0.1028
Nikola Vasilj,Bundesliga,G,2250,0,0,,0.0,0.0,
Mohamed Amoura,Bundesliga,F,1449,8,3,7.4181,0.4968944099378882,0.1863354037267081,0.5819000000000001
Jonas Wind,Bundesliga,F,299,0,0,0.8213,0.0,0.0,-0.8213
Kento Shiogai,Bundesliga,F,274,1,0,1.4494,0.3284671532846715,0.0,-0.4494
Dženan Pejčinović,Bundesliga,F,945,5,0,4.9473,0.47619047619047616,0.0,0.05269999999999975
Adam Daghim,Bundesliga,F,1044,2,2,1.3388,0.17241379310344826,0.17241379310344826,0.6612
Christian Eriksen,Bundesliga,M,1665,2,5,3.2774,0.1081081081081081,0.2702702702702703,-1.2774
Lovro Majer,Bundesliga,M,1269,2,3,2.5613,0.14184397163120568,0.2127659574468085,-0.5613000000000001
Jesper Lindstrøm,Bundesliga,M,192,0,0,0.7714,0.0,0.0,-0.7714
Vinícius Souza,Bundesliga,M,1013,0,0,0.0594,0.0,0.0,-0.0594
Bence Dárdai,Bundesliga,M,34,0,0,,0.0,0.0,
Patrick Wimmer,Bundesliga,M,1166,3,3,2.0009,0.23156089193825044,0.23156089193825044,0.9990999999999999
Maximilian Arnold,Bundesliga,M,1813,1,4,0.3392,0.049641478212906785,0.19856591285162714,0.6608
Kevin Paredes,Bundesliga,M,159,0,0,0.0689,0.0,0.0,-0.0689
Mattias Svanberg,Bundesliga,M,766,3,1,2.0226,0.3524804177545692,0.1174934725848564,0.9773999999999998
Yannick Gerhardt,Bundesliga,M,1009,1,0,0.7752,0.08919722497522299,0.0,0.2248
Pharell Hensel,Bundesliga,M,88,0,0,0.024,0.0,0.0,-0.024
Konstantinos Koulierakis,Bundesliga,D,1769,1,0,2.2395,0.05087620124364047,0.0,-1.2395
Jonas Adjei Adjetey,Bundesliga,D,137,0,0,0.0813,0.0,0.0,-0.0813
Joakim Mæhle,Bundesliga,D,432,0,1,0.4034,0.0,0.20833333333333331,-0.4034
Jeanuël Belocian,Bundesliga,D,737,0,1,0.4303,0.0,0.12211668928086837,-0.4303
Saël Kumbedi,Bundesliga,D,1254,0,5,0.1045,0.0,0.3588516746411483,-0.1045
Denis Vavro,Bundesliga,D,591,1,0,0.6956,0.15228426395939085,0.0,0.3044
Jenson Seelt,Bundesliga,D,696,0,0,0.2048,0.0,0.0,-0.2048
Aaron Zehnter,Bundesliga,D,1220,2,0,0.5197,0.14754098360655737,0.0,1.4803
Moritz Jenz,Bundesliga,D,1517,1,0,0.5445,0.05932762030323006,0.0,0.4555
Kilian Fischer,Bundesliga,D,803,0,0,0.107,0.0,0.0,-0.107
Jan Bürger,Bundesliga,D,259,0,0,0.0742,0.0,0.0,-0.0742
Kamil Grabara,Bundesliga,G,2250,0,0,0.0388,0.0,0.0,-0.0388
Budu Zivzivadze,Bundesliga,F,505,1,0,2.2773,0.1782178217821782,0.0,-1.2772999999999999
Eren Dinkçi,Bundesliga,F,706,1,1,1.2518,0.1274787535410765,0.1274787535410765,-0.2518
Marvin Pieringer,Bundesliga,F,1070,2,0,2.867,0.16822429906542058,0.0,-0.867
Mikkel Kaufmann,Bundesliga,F,505,1,1,1.4182,0.1782178217821782,0.1782178217821782,-0.4181999999999999
Christian Joe Conteh,Bundesliga,F,263,0,0,0.2228,0.0,0.0,-0.2228
Sirlord Conteh,Bundesliga,F,566,2,1,2.8036,0.31802120141342755,0.15901060070671377,-0.8035999999999999
Stefan Schimmer,Bundesliga,F,672,5,1,4.555,0.6696428571428571,0.13392857142857142,0.4450000000000003
Yannik Wagner,Bundesliga,F,45,0,0,0.0187,0.0,0.0,-0.0187
Arijon Ibrahimović,Bundesliga,M,1782,1,2,5.7064,0.05050505050505051,0.10101010101010102,-4.7064
Niklas Dorsch,Bundesliga,M,1608,0,0,0.5404,0.0,0.0,-0.5404
Mathias Honsak,Bundesliga,M,1003,0,0,1.5212,0.0,0.0,-1.5212
Jan Schöppner,Bundesliga,M,1587,1,1,1.3301,0.05671077504725898,0.05671077504725898,-0.33010000000000006
Luca Kerber,Bundesliga,M,511,2,0,1.3811,0.3522504892367906,0.0,0.6189
Julian Niehues,Bundesliga,M,1117,3,0,1.1728,0.24171888988361684,0.0,1.8272
Adrian Beck,Bundesliga,M,772,1,0,0.8273,0.11658031088082901,0.0,0.17269999999999996
Leonidas Stergiou,Bundesliga,D,149,0,0,0.0929,0.0,0.0,-0.0929
Leart Paqarada,Bundesliga,D,7,0,0,,0.0,0.0,
Patrick Mainka,Bundesliga,D,2250,1,1,2.8169,0.04,0.04,-1.8169
Benedikt Gimber,Bundesliga,D,1290,0,0,0.2512,0.0,0.0,-0.2512
Hennes Behrens,Bundesliga,D,550,0,2,0.111,0.0,0.32727272727272727,-0.111
Tim Siersleben,Bundesliga,D,1081,0,0,0.4709,0.0,0.0,-0.4709
Haktab Omar Traore,Bundesliga,D,1380,0,2,0.4235,0.0,0.13043478260869565,-0.4235
Jonas Föhrenbach,Bundesliga,D,1652,1,1,0.5114,0.05447941888619855,0.05447941888619855,0.48860000000000003
Marnon Busch,Bundesliga,D,1243,0,2,0.604,0.0,0.14481094127111827,-0.604
Adam Kölle,Bundesliga,D,89,1,0,0.6488,1.0112359550561798,0.0,0.35119999999999996
Diant Ramaj,Bundesliga,G,2160,0,0,,0.0,0.0,
Frank Feller,Bundesliga,G,90,0,0,,0.0,0.0,
Ousmane Dembélé,Ligue 1,F,718,8,4,4.7445,1.0027855153203342,0.5013927576601671,3.2554999999999996
Khvicha Kvaratskhelia,Ligue 1,F,1084,4,3,4.1215,0.33210332103321033,0.24907749077490773,-0.12150000000000016
Désiré Doué,Ligue 1,F,842,4,2,5.8127,0.4275534441805226,0.2137767220902613,-1.8127000000000004
Bradley Barcola,Ligue 1,F,1328,10,1,9.0502,0.677710843373494,0.06777108433734941,0.9497999999999998
Ibrahim Mbaye,Ligue 1,F,823,1,2,2.0617,0.10935601458080194,0.21871202916160387,-1.0617
Gonçalo Ramos,Ligue 1,F,1024,5,1,6.853,0.439453125,0.087890625,-1.8529999999999998
Quentin Ndjantou,Ligue 1,F,354,1,1,1.4943,0.2542372881355932,0.2542372881355932,-0.49429999999999996
Dro Fernández,Ligue 1,M,218,0,0,0.3029,0.0,0.0,-0.3029
Vitinha,Ligue 1,M,1856,1,7,0.9664,0.04849137931034483,0.3394396551724138,0.03359999999999996
João Neves,Ligue 1,M,1004,5,1,2.3816,0.448207171314741,0.08964143426294821,2.6184
Fabián Ruiz,Ligue 1,M,795,1,2,1.0191,0.11320754716981131,0.22641509433962262,-0.019099999999999895
Senny Mayulu,Ligue 1,M,1175,3,4,2.8438,0.2297872340425532,0.30638297872340425,0.15620000000000012
Kang-in Lee,Ligue 1,M,1103,2,3,2.3014,0.16319129646418856,0.24478694469628287,-0.3014000000000001
Warren Zaïre-Emery,Ligue 1,M,2030,1,4,0.8695,0.04433497536945812,0.1773399014778325,0.13049999999999995
Achraf Hakimi,Ligue 1,D,1089,2,1,1.9552,0.1652892561983471,0.08264462809917356,0.04479999999999995
Nuno Mendes,Ligue 1,D,1135,3,3,3.5077,0.23788546255506607,0.23788546255506607,-0.5076999999999998
Marquinhos,Ligue 1,D,779,0,0,0.0932,0.0,0.0,-0.0932
Willian Pacho,Ligue 1,D,1465,0,0,0.818,0.0,0.0,-0.818
Lucas Beraldo,Ligue 1,D,826,1,0,0.4379,0.1089588377723971,0.0,0.5621
Ilya Zabarnyi,Ligue 1,D,1667,1,0,0.3028,0.05398920215956808,0.0,0.6972
Lucas Hernández,Ligue 1,D,1165,0,2,0.3034,0.0,0.15450643776824033,-0.3034
Lucas Chevalier,Ligue 1,G,1530,0,0,,0.0,0.0,
Matvey Safonov,Ligue 1,G,720,0,0,,0.0,0.0,
Allan Saint-Maximin,Ligue 1,F,156,1,2,0.1584,0.5769230769230769,1.1538461538461537,0.8416
Florian Thauvin,Ligue 1,F,1983,8,3,9.753,0.3630862329803329,0.1361573373676248,-1.7530000000000001
Odsonne Édouard,Ligue 1,F,1322,9,3,7.9554,0.6127080181543116,0.2042360060514372,1.0446
Abdallah Sima,Ligue 1,F,354,1,1,0.7373,0.2542372881355932,0.2542372881355932,0.26270000000000004
Wesley Saïd,Ligue 1,F,1618,10,2,7.8045,0.5562422744128553,0.11124845488257107,2.1955
Florian Sotoca,Ligue 1,F,190,0,0,0.1971,0.0,0.0,-0.1971
Rayan Fofana,Ligue 1,F,669,5,0,5.194,0.6726457399103138,0.0,-0.19399999999999995
Amadou Haidara,Ligue 1,M,74,1,0,0.1384,1.2162162162162162,0.0,0.8616
Mamadou Sangare,Ligue 1,M,1742,2,2,2.3518,0.10332950631458095,0.10332950631458095,-0.3517999999999999
Andrija Bulatovic,Ligue 1,M,513,0,1,0.399,0.0,0.17543859649122806,-0.399
Adrien Thomasson,Ligue 1,M,2085,2,7,4.8796,0.08633093525179857,0.302158273381295,-2.8796
Fode Sylla,Ligue 1,M,69,0,0,,0.0,0.0,
Ruben Aguilar,Ligue 1,M,1513,2,2,0.9153,0.11896893588896232,0.11896893588896232,1.0847
Anthony Bermont,Ligue 1,M,95,0,0,0.0852,0.0,0.0,-0.0852
Arthur Masuaku,Ligue 1,D,1,0,0,,0.0,0.0,
Saud Abdulhamid,Ligue 1,D,838,1,2,0.3652,0.10739856801909309,0.21479713603818618,0.6348
Ismaelo Ganiou,Ligue 1,D,1243,2,0,1.2122,0.14481094127111827,0.0,0.7878000000000001
Malang Sarr,Ligue 1,D,2160,0,1,0.981,0.0,0.04166666666666667,-0.981
Samson Baidoo,Ligue 1,D,1545,2,1,1.6224,0.11650485436893204,0.05825242718446602,0.37759999999999994
Nidal Čelik,Ligue 1,D,315,0,0,,0.0,0.0,
Matthieu Udol,Ligue 1,D,2238,0,7,2.9085,0.0,0.28150134048257375,-2.9085
Jonathan Gradit,Ligue 1,D,809,0,0,0.1068,0.0,0.0,-0.1068
Kyllian Antonio,Ligue 1,D,120,0,0,0.0609,0.0,0.0,-0.0609
Robin Risser,Ligue 1,G,2250,0,1,,0.0,0.04,
Mason Greenwood,Ligue 1,F,1896,15,4,12.0739,0.7120253164556962,0.18987341772151897,2.9261
Pierre-Emerick Aubameyang,Ligue 1,F,1404,8,5,9.0884,0.5128205128205129,0.32051282051282054,-1.0884
Amine Gouiri,Ligue 1,F,832,5,2,4.1109,0.5408653846153847,0.21634615384615385,0.8891
Igor Paixão,Ligue 1,F,1371,5,4,4.3276,0.3282275711159738,0.26258205689277897,0.6723999999999997
Ethan Nwaneri,Ligue 1,M,216,1,1,0.4771,0.41666666666666663,0.41666666666666663,0.5228999999999999
Timothy Weah,Ligue 1,M,1681,2,2,1.3883,0.10707911957168352,0.10707911957168352,0.6116999999999999
Quinten Timber,Ligue 1,M,539,0,0,0.7592,0.0,0.0,-0.7592
Himad Abdelli,Ligue 1,M,1019,2,0,2.1105,0.17664376840039253,0.0,-0.11050000000000004
Bilal Nadir,Ligue 1,M,564,0,4,0.485,0.0,0.6382978723404256,-0.485
Arthur Vermeeren,Ligue 1,M,628,0,1,0.0541,0.0,0.14331210191082802,-0.0541
Pierre-Emile Højbjerg,Ligue 1,M,1928,2,4,2.1275,0.09336099585062241,0.18672199170124482,-0.12749999999999995
Hamed Junior Traorè,Ligue 1,M,343,1,1,1.0038,0.26239067055393583,0.26239067055393583,-0.0038000000000000256
Geoffrey Kondogbia,Ligue 1,M,465,0,0,0.2713,0.0,0.0,-0.2713
Tochukwu Nnadi,Ligue 1,M,25,0,0,,0.0,0.0,
Nayef Aguerd,Ligue 1,D,1399,1,0,0.664,0.06433166547533953,0.0,0.33599999999999997
Benjamin Pavard,Ligue 1,D,1403,1,2,0.5881,0.06414825374198146,0.12829650748396293,0.41190000000000004
Leonardo Balerdi,Ligue 1,D,1357,0,1,1.1261,0.0,0.06632277081798084,-1.1261
Facundo Medina,Ligue 1,D,656,0,0,0.0187,0.0,0.0,-0.0187
Emerson Palmieri,Ligue 1,D,1577,0,3,0.2836,0.0,0.17121116043119847,-0.2836
Conrad Jaden Egan-Riley,Ligue 1,D,487,0,0,,0.0,0.0,
Gerónimo Rulli,Ligue 1,G,1890,0,0,,0.0,0.0,
Jeffrey de Lange,Ligue 1,G,360,0,0,,0.0,0.0,
Endrick,Ligue 1,F,533,3,3,3.3327,0.5065666041275797,0.5065666041275797,-0.3327
Roman Yaremchuk,Ligue 1,F,133,0,1,0.1362,0.0,0.6766917293233082,-0.1362
Pavel Šulc,Ligue 1,F,1258,10,3,7.457,0.7154213036565977,0.2146263910969793,2.543
Afonso Moreira,Ligue 1,F,1009,2,6,1.3662,0.17839444995044598,0.535183349851338,0.6337999999999999
Tyler Morton,Ligue 1,M,1947,2,2,1.3068,0.09244992295839753,0.09244992295839753,0.6932
Malick Fofana,Ligue 1,M,726,2,1,2.7095,0.24793388429752067,0.12396694214876033,-0.7094999999999998
Khalis Merah,Ligue 1,M,769,0,1,0.7623,0.0,0.11703511053315994,-0.7623
Corentin Tolisso,Ligue 1,M,1715,7,1,7.8081,0.3673469387755102,0.052478134110787174,-0.8080999999999996
Rachid Ghezzal,Ligue 1,M,138,0,0,0.0949,0.0,0.0,-0.0949
Noah Nartey,Ligue 1,M,447,2,0,0.8221,0.40268456375838924,0.0,1.1779
Orel Mangala,Ligue 1,M,40,0,0,0.0904,0.0,0.0,-0.0904
Adam Karabec,Ligue 1,M,854,1,0,1.6518,0.1053864168618267,0.0,-0.6517999999999999
Tanner Tessmann,Ligue 1,M,1708,1,0,2.2056,0.05269320843091335,0.0,-1.2056
Rémi Himbert,Ligue 1,M,139,1,0,1.0513,0.6474820143884893,0.0,-0.0512999999999999
Mathys de Carvalho,Ligue 1,M,293,0,0,0.4366,0.0,0.0,-0.4366
Nicolás Tagliafico,Ligue 1,D,1138,0,3,1.3834,0.0,0.23725834797891038,-1.3834
Moussa Niakhaté,Ligue 1,D,1948,0,2,0.1829,0.0,0.09240246406570843,-0.1829
Abner Vinícius,Ligue 1,D,1445,3,0,1.3585,0.18685121107266436,0.0,1.6415
Noham Kamara,Ligue 1,D,1,0,0,,0.0,0.0,
Ruben Kluivert,Ligue 1,D,662,1,2,0.2144,0.13595166163141995,0.2719033232628399,0.7856
Ainsley Maitland-Niles,Ligue 1,D,1918,1,3,2.2958,0.04692387904066736,0.14077163712200208,-1.2957999999999998
Clinton Mata,Ligue 1,D,2116,0,0,0.1063,0.0,0.0,-0.1063
Hans Hateboer,Ligue 1,D,533,0,0,0.6,0.0,0.0,-0.6
Dominik Greif,Ligue 1,G,1890,0,1,,0.0,0.04761904761904762,
Rémy Descamps,Ligue 1,G,360,0,0,,0.0,0.0,
Yassir Zabiri,Ligue 1,F,12,0,0,,0.0,0.0,
Mousa Tamari,Ligue 1,F,1576,3,5,3.1411,0.17131979695431473,0.28553299492385786,-0.14109999999999978
Breel Embolo,Ligue 1,F,1367,6,3,5.0446,0.3950256035113387,0.19751280175566935,0.9554
Esteban Lepaul,Ligue 1,F,1898,13,3,10.4061,0.6164383561643836,0.1422550052687039,2.5938999999999997
Ludovic Blas,Ligue 1,F,897,4,3,3.6537,0.4013377926421405,0.3010033444816054,0.34629999999999983
Elias Legendre Quiñonez,Ligue 1,F,41,0,0,0.1461,0.0,0.0,-0.1461
Arnaud Nordin,Ligue 1,F,366,1,1,0.5944,0.2459016393442623,0.2459016393442623,0.40559999999999996
Nordan Mukiele,Ligue 1,F,49,1,0,0.1062,1.8367346938775508,0.0,0.8938
Sebastian Szymański,Ligue 1,M,382,1,2,0.3784,0.23560209424083772,0.47120418848167545,0.6215999999999999
Przemysław Frankowski,Ligue 1,M,1111,1,2,0.4964,0.081008100810081,0.162016201620162,0.5036
Djaoui Cissé,Ligue 1,M,936,0,0,0.7148,0.0,0.0,-0.7148
Quentin Merlin,Ligue 1,M,1722,1,3,1.1498,0.05226480836236934,0.156794425087108,-0.14979999999999993
Valentin Rongier,Ligue 1,M,2025,1,4,0.8446,0.044444444444444446,0.17777777777777778,0.15539999999999998
Mahdi Camara,Ligue 1,M,1866,3,1,1.9932,0.14469453376205788,0.04823151125401929,1.0068
Glen Kamara,Ligue 1,M,55,0,0,,0.0,0.0,
Jérémy Jacquet,Ligue 1,D,1673,0,0,1.0439,0.0,0.0,-1.0439
Abdelhamid Ait Boudlal,Ligue 1,D,775,2,1,1.2038,0.23225806451612904,0.11612903225806452,0.7962
Alidu Seidu,Ligue 1,D,810,0,1,0.096,0.0,0.1111111111111111,-0.096
Mahamadou Nagida,Ligue 1,D,469,0,0,0.4395,0.0,0.0,-0.4395
Anthony Rouault,Ligue 1,D,1367,1,0,0.8108,0.06583760058522312,0.0,0.18920000000000003
Lilian Brassier,Ligue 1,D,1622,0,1,0.6715,0.0,0.055487053020961775,-0.6715
Brice Samba,Ligue 1,G,2160,0,0,,0.0,0.0,
Mathys Silistrie,Ligue 1,G,90,0,0,,0.0,0.0,
Olivier Giroud,Ligue 1,F,1459,5,1,7.1361,0.30843043180260454,0.061686086360520906,-2.1361
Hamza Igamane,Ligue 1,F,428,5,1,3.5735,1.0514018691588785,0.2102803738317757,1.4264999999999999
Matías Fernández,Ligue 1,F,1587,4,3,4.7699,0.22684310018903592,0.17013232514177695,-0.7698999999999998
Marius Sivertsen Broholm,Ligue 1,F,288,1,1,0.9795,0.3125,0.3125,0.020499999999999963
Noah Edjouma,Ligue 1,F,365,0,0,0.7695,0.0,0.0,-0.7695
Soriba Diaoune,Ligue 1,F,202,1,1,1.2536,0.44554455445544555,0.44554455445544555,-0.25360000000000005
Ethan Mbappé,Ligue 1,M,396,3,1,1.4094,0.6818181818181819,0.2272727272727273,1.5906
Nabil Bentaleb,Ligue 1,M,837,2,2,1.2187,0.2150537634408602,0.2150537634408602,0.7813000000000001
Ngal'ayel Mukau,Ligue 1,M,932,1,0,1.842,0.09656652360515021,0.0,-0.8420000000000001
Osame Sahraoui,Ligue 1,M,467,1,2,0.8178,0.19271948608137046,0.3854389721627409,0.18220000000000003
Ayyoub Bouaddi,Ligue 1,M,1681,0,1,1.5285,0.0,0.05353955978584176,-1.5285
Hakon Arnar Haraldsson,Ligue 1,M,1705,5,1,4.6779,0.26392961876832843,0.05278592375366569,0.32209999999999983
Félix Correia,Ligue 1,M,1416,3,5,3.3622,0.1906779661016949,0.3177966101694915,-0.3622000000000001
Benjamin André,Ligue 1,M,1790,2,1,2.4429,0.10055865921787709,0.05027932960893854,-0.44289999999999985
Gaëtan Perrin,Ligue 1,M,263,1,0,0.417,0.34220532319391633,0.0,0.583
Chancel Mbemba,Ligue 1,D,862,0,0,0.4318,0.0,0.0,-0.4318
Calvin Verdonk,Ligue 1,D,557,0,0,0.0467,0.0,0.0,-0.0467
Aïssa Mandi,Ligue 1,D,1625,1,0,1.0056,0.055384615384615386,0.0,-0.005600000000000049
Alexsandro Ribeiro,Ligue 1,D,507,0,0,0.3651,0.0,0.0,-0.3651
Thomas Meunier,Ligue 1,D,1208,0,1,0.7852,0.0,0.07450331125827815,-0.7852
Nathan Ngoy,Ligue 1,D,1692,1,1,0.9301,0.05319148936170213,0.05319148936170213,0.06989999999999996
Tiago Santos,Ligue 1,D,694,0,0,0.3393,0.0,0.0,-0.3393
Romain Perraud,Ligue 1,D,1665,2,3,1.5917,0.1081081081081081,0.16216216216216217,0.4083000000000001
Ousmane Touré,Ligue 1,D,52,0,0,,0.0,0.0,
Maxima Goffi,Ligue 1,D,38,0,0,,0.0,0.0,
Berke Özer,Ligue 1,G,2070,0,1,,0.0,0.043478260869565216,
Arnaud Bodart,Ligue 1,G,180,0,0,,0.0,0.0,
Ansu Fati,Ligue 1,F,645,8,0,8.2096,1.1162790697674418,0.0,-0.2096
Folarin Balogun,Ligue 1,F,1488,7,4,7.4574,0.42338709677419356,0.24193548387096775,-0.4573999999999998
Mika Biereth,Ligue 1,F,998,2,2,3.3054,0.18036072144288576,0.18036072144288576,-1.3054000000000001
Paris Brunner,Ligue 1,F,113,0,0,0.1314,0.0,0.0,-0.1314
Paul Pogba,Ligue 1,M,43,0,0,,0.0,0.0,
Simon Adingra,Ligue 1,M,287,3,0,1.0861,0.9407665505226481,0.0,1.9139
Lamine Camara,Ligue 1,M,1208,0,3,1.1423,0.0,0.22350993377483444,-1.1423
Krépin Diatta,Ligue 1,M,852,0,1,0.6282,0.0,0.1056338028169014,-0.6282
Aleksandr Golovin,Ligue 1,M,1259,3,5,2.601,0.21445591739475775,0.35742652899126287,0.399
Takumi Minamino,Ligue 1,M,961,3,2,3.1756,0.2809573361082206,0.18730489073881376,-0.1756000000000002
Maghnes Akliouche,Ligue 1,M,1738,5,3,5.086,0.25891829689298046,0.15535097813578824,-0.0860000000000003
Denis Zakaria,Ligue 1,M,1223,2,1,1.2897,0.1471790678659035,0.07358953393295176,0.7102999999999999
Mamadou Coulibaly,Ligue 1,M,1070,3,2,1.3123,0.2523364485981308,0.16822429906542058,1.6877
Aladji Bamba,Ligue 1,M,409,0,0,,0.0,0.0,
Stanis Idumbo Muzambo,Ligue 1,M,164,1,1,0.5635,0.5487804878048781,0.5487804878048781,0.4365
Samuel Nibombe,Ligue 1,M,1,0,0,,0.0,0.0,
Vanderson,Ligue 1,D,613,0,2,0.1146,0.0,0.2936378466557912,-0.1146
Mohammed Salisu,Ligue 1,D,1080,1,0,0.7704,0.08333333333333334,0.0,0.22960000000000003
Eric Dier,Ligue 1,D,672,1,0,0.4895,0.13392857142857142,0.0,0.5105
Caio Henrique,Ligue 1,D,1527,0,1,0.2463,0.0,0.05893909626719057,-0.2463
Thilo Kehrer,Ligue 1,D,1648,0,0,1.5984,0.0,0.0,-1.5984
Wout Faes,Ligue 1,D,479,0,0,0.3211,0.0,0.0,-0.3211
Jordan Teze,Ligue 1,D,1782,0,0,0.37,0.0,0.0,-0.37
Christian Mawissa,Ligue 1,D,614,0,0,,0.0,0.0,
Kassoum Ouattara,Ligue 1,D,972,0,3,0.9245,0.0,0.2777777777777778,-0.9245
Lukáš Hrádecký,Ligue 1,G,631,0,0,,0.0,0.0,
Philipp Köhn,Ligue 1,G,1619,0,0,,0.0,0.0,
Joaquin Panichelli,Ligue 1,F,2060,14,1,13.1386,0.6116504854368932,0.043689320388349516,0.8613999999999997
Emmanuel Emegha,Ligue 1,F,414,4,2,3.6006,0.8695652173913043,0.43478260869565216,0.3994
David Datro Fofana,Ligue 1,F,79,0,0,0.4272,0.0,0.0,-0.4272
Martial Godo,Ligue 1,F,1053,7,1,5.9486,0.5982905982905983,0.08547008547008547,1.0514000000000001
Samuel Amo-Ameyaw,Ligue 1,F,589,1,1,0.4782,0.15280135823429541,0.15280135823429541,0.5218
Julio Enciso,Ligue 1,M,1322,1,2,4.4076,0.0680786686838124,0.1361573373676248,-3.4076000000000004
Valentín Barco,Ligue 1,M,1810,1,4,1.4663,0.04972375690607735,0.1988950276243094,-0.46629999999999994
Gessime Yassine,Ligue 1,M,80,0,0,0.0267,0.0,0.0,-0.0267
Diego Moreira,Ligue 1,M,1838,3,4,1.4583,0.14689880304678998,0.19586507072905332,1.5417
Maxi Oyedele,Ligue 1,M,13,0,0,,0.0,0.0,
Mathis Amougou,Ligue 1,M,267,0,0,0.1748,0.0,0.0,-0.1748
Samir El Mourabet,Ligue 1,M,1640,0,1,0.2724,0.0,0.054878048780487805,-0.2724
Sebastian Nanasi,Ligue 1,M,420,3,1,1.74,0.6428571428571428,0.2142857142857143,1.26
Abdoul Ouattara,Ligue 1,M,1319,2,0,1.7985,0.13646702047005307,0.0,0.2015
Rafael Luis,Ligue 1,M,270,0,0,0.0582,0.0,0.0,-0.0582
Junior Mwanga,Ligue 1,M,1476,1,1,1.2026,0.06097560975609756,0.06097560975609756,-0.2025999999999999
Aarón Anselmino,Ligue 1,D,11,0,0,,0.0,0.0,
Ben Chilwell,Ligue 1,D,1454,0,2,0.3165,0.0,0.12379642365887208,-0.3165
Guéla Doué,Ligue 1,D,1523,2,5,1.842,0.11818778726198292,0.29546946815495734,0.15799999999999992
Lucas Høgsberg,Ligue 1,D,1252,0,0,0.2514,0.0,0.0,-0.2514
Ismael Doukouré,Ligue 1,D,1580,0,1,0.4164,0.0,0.056962025316455694,-0.4164
Andrew Omobamidele,Ligue 1,D,875,0,0,0.2126,0.0,0.0,-0.2126
Mike Penders,Ligue 1,G,2160,0,0,,0.0,0.0,
Karl-Johan Johnsson,Ligue 1,G,90,0,0,,0.0,0.0,
Ludovic Ajorque,Ligue 1,F,2103,7,7,7.5183,0.2995720399429387,0.2995720399429387,-0.5183
Mama Baldé,Ligue 1,F,635,2,2,2.6213,0.28346456692913385,0.28346456692913385,-0.6213000000000002
Remy Labeau Lascary,Ligue 1,F,767,4,1,3.3704,0.469361147327249,0.11734028683181225,0.6295999999999999
Serigne Diop,Ligue 1,F,26,0,0,0.1321,0.0,0.0,-0.1321
Kamory Doumbia,Ligue 1,M,1438,5,3,4.2674,0.31293463143254524,0.18776077885952713,0.7325999999999997
Junior Dina Ebimbe,Ligue 1,M,654,2,0,1.9081,0.27522935779816515,0.0,0.09190000000000009
Pathé Mboup,Ligue 1,M,875,1,0,2.656,0.10285714285714287,0.0,-1.6560000000000001
Hamidou Makalou,Ligue 1,M,183,0,0,0.0329,0.0,0.0,-0.0329
Romain Del Castillo,Ligue 1,M,1901,8,2,7.3848,0.3787480273540242,0.09468700683850605,0.6151999999999997
Joris Chotard,Ligue 1,M,2069,2,0,1.1924,0.08699855002416626,0.0,0.8076000000000001
Lucas Tousart,Ligue 1,M,487,0,0,0.3708,0.0,0.0,-0.3708
Hugo Magnetti,Ligue 1,M,2005,1,1,0.4962,0.04488778054862842,0.04488778054862842,0.5038
Soumaila Coulibaly,Ligue 1,D,1064,0,0,0.3472,0.0,0.0,-0.3472
Daouda Guindo,Ligue 1,D,1117,0,0,0.944,0.0,0.0,-0.944
Luc Zogbé,Ligue 1,D,110,0,0,0.0367,0.0,0.0,-0.0367
Bradley Locko,Ligue 1,D,1190,0,1,0.1242,0.0,0.07563025210084034,-0.1242
Kenny Lala,Ligue 1,D,2139,0,2,0.2472,0.0,0.08415147265077139,-0.2472
Michel Diaz,Ligue 1,D,1114,0,0,0.2193,0.0,0.0,-0.2193
Brendan Chardonnet,Ligue 1,D,2007,0,3,0.4974,0.0,0.13452914798206278,-0.4974
Raphaël Le Guen,Ligue 1,D,11,0,0,,0.0,0.0,
Radosław Majecki,Ligue 1,G,865,0,0,,0.0,0.0,
Grégoire Coudert,Ligue 1,G,1381,0,0,,0.0,0.0,
Ahmadou Bamba Dieng,Ligue 1,F,623,6,1,3.7111,0.8667736757624398,0.14446227929373998,2.2889
Aiyegun Tosin,Ligue 1,F,839,3,0,4.2618,0.3218116805721096,0.0,-1.2618
Mohamed Bamba,Ligue 1,F,685,1,2,2.3767,0.1313868613138686,0.2627737226277372,-1.3767
Sambou Soumano,Ligue 1,F,844,4,2,5.3068,0.4265402843601896,0.2132701421800948,-1.3068
Pablo Pagis,Ligue 1,F,1277,8,1,5.803,0.5638214565387627,0.07047768206734534,2.197
Karim Dermane,Ligue 1,M,1079,1,2,1.119,0.08341056533827618,0.16682113067655235,-0.119
Arthur Avom Ebong,Ligue 1,M,1532,1,1,0.853,0.0587467362924282,0.0587467362924282,0.14700000000000002
Panos Katseris,Ligue 1,M,227,0,0,0.4886,0.0,0.0,-0.4886
Jean-Victor Makengo,Ligue 1,M,1188,3,2,2.2542,0.2272727272727273,0.15151515151515152,0.7458
Laurent Abergel,Ligue 1,M,1987,1,0,0.7317,0.04529441368897836,0.0,0.2683
Théo Le Bris,Ligue 1,M,1626,2,2,1.5934,0.11070110701107011,0.11070110701107011,0.4066000000000001
Noah Cadiou,Ligue 1,M,1071,1,1,0.7356,0.08403361344537816,0.08403361344537816,0.26439999999999997
Daniel Semedo,Ligue 1,M,10,0,0,,0.0,0.0,
Arsène Kouassi,Ligue 1,D,1909,2,4,0.4878,0.09429020429544265,0.1885804085908853,1.5122
Montassar Talbi,Ligue 1,D,2160,0,1,0.48,0.0,0.04166666666666667,-0.48
Abdoulaye Faye,Ligue 1,D,664,0,0,0.4779,0.0,0.0,-0.4779
Darlin Yongwa,Ligue 1,D,1105,0,1,0.4079,0.0,0.08144796380090498,-0.4079
Bamo Meïté,Ligue 1,D,1516,0,3,0.6998,0.0,0.17810026385224276,-0.6998
Nathaniel Adjei,Ligue 1,D,226,0,0,,0.0,0.0,
Igor Silva,Ligue 1,D,1198,1,0,0.4315,0.07512520868113523,0.0,0.5685
Yvon Mvogo,Ligue 1,G,1980,0,0,,0.0,0.0,
Bingourou Kamara,Ligue 1,G,270,0,0,,0.0,0.0,
Goduine Koyalipou,Ligue 1,F,422,0,0,1.3387,0.0,0.0,-1.3387
Djibirin Harouna,Ligue 1,F,293,2,1,1.0294,0.6143344709897611,0.30716723549488056,0.9705999999999999
Prosper Peter,Ligue 1,F,943,3,0,3.9702,0.2863202545068929,0.0,-0.9702000000000002
Lanroy Machine,Ligue 1,F,229,0,0,1.0603,0.0,0.0,-1.0603
Haris Belkebla,Ligue 1,M,2090,0,0,0.1977,0.0,0.0,-0.1977
Yassin Belkhdim,Ligue 1,M,1970,2,2,2.0583,0.09137055837563453,0.09137055837563453,-0.05830000000000002
Branco van den Boomen,Ligue 1,M,449,0,1,0.3247,0.0,0.20044543429844097,-0.3247
Amine Sbai,Ligue 1,M,1184,2,1,1.7102,0.15202702702702703,0.07601351351351351,0.28980000000000006
Louis Mouton,Ligue 1,M,1634,2,1,2.5309,0.11015911872705017,0.055079559363525085,-0.5308999999999999
Pierrick Capelle,Ligue 1,M,176,0,0,0.0495,0.0,0.0,-0.0495
Carlens Arcus,Ligue 1,D,1994,0,3,0.2864,0.0,0.13540621865596789,-0.2864
Ousmane Camara,Ligue 1,D,2044,1,0,0.2233,0.04403131115459882,0.0,0.7767
Jacques Ekomié,Ligue 1,D,1675,0,0,0.9499,0.0,0.0,-0.9499
Lilian Raolisoa,Ligue 1,D,1260,2,1,0.6898,0.14285714285714285,0.07142857142857142,1.3102
Jordan Lefort,Ligue 1,D,2250,0,2,0.399,0.0,0.08,-0.399
Abdoulaye Bamba,Ligue 1,D,100,0,0,0.0176,0.0,0.0,-0.0176
Marius Courcoul,Ligue 1,D,353,0,0,0.0694,0.0,0.0,-0.0694
Emmanuel Biumla,Ligue 1,D,174,0,0,,0.0,0.0,
Florent Hanin,Ligue 1,D,622,0,0,0.0263,0.0,0.0,-0.0263
Marius Louer,Ligue 1,D,31,0,0,,0.0,0.0,
Hervé Koffi,Ligue 1,G,1980,0,0,,0.0,0.0,
Oumar Pona,Ligue 1,G,90,0,0,,0.0,0.0,
Melvin Zinga,Ligue 1,G,180,0,0,,0.0,0.0,
Frank Magri,Ligue 1,F,1264,5,1,4.3925,0.3560126582278481,0.07120253164556962,0.6074999999999999
Yann Gboho,Ligue 1,F,2074,6,2,4.7255,0.2603664416586307,0.08678881388621022,1.2744999999999997
Santiago Hidalgo,Ligue 1,F,872,4,3,2.0387,0.41284403669724773,0.3096330275229358,1.9613
Emersonn,Ligue 1,F,1162,3,2,5.7357,0.2323580034423408,0.1549053356282272,-2.7356999999999996
Jacen Russell-Rowe,Ligue 1,F,91,0,0,0.3596,0.0,0.0,-0.3596
Julian Vignolo,Ligue 1,F,206,2,0,1.4376,0.8737864077669902,0.0,0.5624
Pape Diop,Ligue 1,M,692,1,1,0.9549,0.13005780346820808,0.13005780346820808,0.04510000000000003
Abu Francis,Ligue 1,M,532,0,0,0.1324,0.0,0.0,-0.1324
Cristian Cásseres Jr.,Ligue 1,M,1876,1,0,1.6685,0.04797441364605544,0.0,-0.6685000000000001
Rafik Messali,Ligue 1,M,500,0,0,,0.0,0.0,
Aron Dønnum,Ligue 1,M,1771,3,3,4.3087,0.15245623941276115,0.15245623941276115,-1.3087
Mario Sauer,Ligue 1,M,597,0,0,0.2986,0.0,0.0,-0.2986
Dayann Methalie,Ligue 1,M,1473,0,0,0.5526,0.0,0.0,-0.5526
Alexis Vossah,Ligue 1,M,700,1,1,0.5613,0.12857142857142856,0.12857142857142856,0.4387
Warren Kamanzi,Ligue 1,M,563,0,0,0.4631,0.0,0.0,-0.4631
Charlie Cresswell,Ligue 1,D,2160,3,2,2.7842,0.125,0.08333333333333334,0.2158000000000002
Mark McKenzie,Ligue 1,D,1817,0,2,0.3152,0.0,0.09906439185470556,-0.3152
Djibril Sidibé,Ligue 1,D,1804,3,3,2.4529,0.14966740576496673,0.14966740576496673,0.5470999999999999
Rasmus Nicolaisen,Ligue 1,D,1848,0,0,0.6538,0.0,0.0,-0.6538
Seny Koumbassa,Ligue 1,D,66,0,0,,0.0,0.0,
Guillaume Restes,Ligue 1,G,2250,0,0,,0.0,0.0,
Ciro Immobile,Ligue 1,F,320,0,0,0.3819,0.0,0.0,-0.3819
Moses Simon,Ligue 1,F,1474,3,2,2.2577,0.18317503392130258,0.12211668928086837,0.7423000000000002
Jean-Philippe Krasso,Ligue 1,F,1073,2,2,3.3939,0.16775396085740912,0.16775396085740912,-1.3939
Luca Koleosho,Ligue 1,F,209,1,0,0.7438,0.43062200956937796,0.0,0.2562
Jonathan Ikoné,Ligue 1,F,583,1,0,1.0102,0.15437392795883362,0.0,-0.010199999999999987
Willem Geubbels,Ligue 1,F,703,3,0,4.3777,0.38406827880512096,0.0,-1.3777
Alimami Gory,Ligue 1,F,726,1,1,1.0988,0.12396694214876033,0.12396694214876033,-0.0988
Pierre-Yves Hamel,Ligue 1,F,79,0,0,,0.0,0.0,
Julien López,Ligue 1,F,50,0,0,,0.0,0.0,
Ilan Kebbal,Ligue 1,M,1966,8,4,5.6349,0.3662258392675483,0.18311291963377416,2.3651
Marshall Munetsi,Ligue 1,M,429,3,0,2.8032,0.6293706293706294,0.0,0.19680000000000009
Maxime López,Ligue 1,M,1686,0,3,0.3257,0.0,0.16014234875444838,-0.3257
Pierre Lees Melou,Ligue 1,M,1348,1,1,1.1111,0.06676557863501484,0.06676557863501484,-0.11109999999999998
Rudy Matondo,Ligue 1,M,811,0,0,0.2211,0.0,0.0,-0.2211
Adama Camara,Ligue 1,M,1650,1,0,1.7831,0.05454545454545454,0.0,-0.7830999999999999
Mathieu Cafaro,Ligue 1,M,150,0,0,0.2832,0.0,0.0,-0.2832
Vincent Marchetti,Ligue 1,M,775,2,0,2.1209,0.23225806451612904,0.0,-0.12089999999999979
Samir Sophian Chergui,Ligue 1,D,974,1,0,1.5604,0.09240246406570843,0.0,-0.5604
Hamari Traoré,Ligue 1,D,863,0,1,0.1752,0.0,0.10428736964078794,-0.1752
Moustapha Mbow,Ligue 1,D,2086,0,1,0.5106,0.0,0.04314477468839885,-0.5106
Otávio,Ligue 1,D,1724,0,0,0.26,0.0,0.0,-0.26
Diego Coppola,Ligue 1,D,360,0,0,,0.0,0.0,
Nhoa Sangui,Ligue 1,D,1114,0,0,0.1365,0.0,0.0,-0.1365
Thibault De Smet,Ligue 1,D,1059,0,1,0.1887,0.0,0.08498583569405099,-0.1887
Tuomas Ollila,Ligue 1,D,312,0,0,0.0721,0.0,0.0,-0.0721
Timothée Kolodziejczak,Ligue 1,D,674,0,0,0.1181,0.0,0.0,-0.1181
Kevin Trapp,Ligue 1,G,1260,0,0,,0.0,0.0,
Obed Nkambadio,Ligue 1,G,990,0,0,,0.0,0.0,
Mbwana Ally Samatta,Ligue 1,F,940,0,0,2.3199,0.0,0.0,-2.3199
Sofiane Boufal,Ligue 1,F,464,0,2,0.2674,0.0,0.3879310344827586,-0.2674
Issa Soumaré,Ligue 1,F,2139,6,2,10.9913,0.25245441795231416,0.08415147265077139,-4.991300000000001
Felix Mambimbi,Ligue 1,F,506,1,0,0.6605,0.17786561264822134,0.0,0.3395
Godson Kyeremeh,Ligue 1,F,361,0,1,0.422,0.0,0.24930747922437674,-0.422
Kenny Quetant,Ligue 1,F,377,1,0,0.7462,0.23872679045092837,0.0,0.2538
Noam Obougou Jacquet,Ligue 1,F,99,1,0,0.1253,0.9090909090909092,0.0,0.8747
Abdoulaye Touré,Ligue 1,M,741,2,0,1.5,0.242914979757085,0.0,0.5
Yassine Kechta,Ligue 1,M,1063,1,1,1.4495,0.08466603951081844,0.08466603951081844,-0.4495
Rassoul Ndiaye,Ligue 1,M,1899,3,3,2.4136,0.14218009478672985,0.14218009478672985,0.5863999999999998
Fodé Doucouré,Ligue 1,M,825,2,1,1.4719,0.21818181818181817,0.10909090909090909,0.5281
Lucas Gourna-Douath,Ligue 1,M,624,0,0,0.1,0.0,0.0,-0.1
Reda Khadra,Ligue 1,M,208,0,0,0.2128,0.0,0.0,-0.2128
Simon Ebonog,Ligue 1,M,1319,0,0,1.0877,0.0,0.0,-1.0877
Daren Nbenbege Mosengo,Ligue 1,M,108,0,0,,0.0,0.0,
Loic Négo,Ligue 1,D,1847,0,0,0.5156,0.0,0.0,-0.5156
Arouna Sangante,Ligue 1,D,1719,1,1,0.3711,0.05235602094240838,0.05235602094240838,0.6289
Ayumu Seko,Ligue 1,D,1905,0,0,0.988,0.0,0.0,-0.988
Timothee Pembele,Ligue 1,D,203,0,0,0.0774,0.0,0.0,-0.0774
Yanis Zouaoui,Ligue 1,D,1828,0,1,0.5045,0.0,0.04923413566739606,-0.5045
Étienne Youte Kinkoue,Ligue 1,D,335,0,0,,0.0,0.0,
Gautier Lloris,Ligue 1,D,1770,1,1,0.7613,0.05084745762711865,0.05084745762711865,0.23870000000000002
Stephan Zagadou,Ligue 1,D,439,1,0,0.0722,0.20501138952164008,0.0,0.9278
Lionel M'Pasi,Ligue 1,G,315,0,0,,0.0,0.0,
Mory Diaw,Ligue 1,G,1845,0,1,,0.0,0.04878048780487805,
Paul Argney,Ligue 1,G,90,0,0,,0.0,0.0,
Elye Wahi,Ligue 1,F,375,3,0,1.7585,0.72,0.0,1.2415
Mohamed-Ali Cho,Ligue 1,F,1213,4,3,2.5782,0.2967848309975268,0.2225886232481451,1.4218000000000002
Tiago Gouveia,Ligue 1,F,532,0,0,0.846,0.0,0.0,-0.846
Kevin Carlos Omoruyi,Ligue 1,F,749,0,0,1.7011,0.0,0.0,-1.7011
Isak Jansson,Ligue 1,F,548,1,0,1.5554,0.16423357664233576,0.0,-0.5553999999999999
Zoumana Diallo,Ligue 1,F,9,0,0,,0.0,0.0,
Hicham Boudaoui,Ligue 1,M,1020,1,2,1.4546,0.08823529411764705,0.1764705882352941,-0.4545999999999999
Ali Abdi,Ligue 1,M,890,1,0,0.2945,0.10112359550561799,0.0,0.7055
Sofiane Diop,Ligue 1,M,1615,7,2,5.4695,0.39009287925696595,0.11145510835913314,1.5305
Tanguy Ndombélé,Ligue 1,M,195,0,1,0.4989,0.0,0.46153846153846156,-0.4989
Salis Abdul Samed,Ligue 1,M,670,0,0,,0.0,0.0,
Jonathan Clauss,Ligue 1,M,1830,1,5,0.9066,0.04918032786885246,0.2459016393442623,0.09340000000000004
Charles Vanhoutte,Ligue 1,M,1549,0,2,0.1248,0.0,0.11620400258231116,-0.1248
Morgan Sanson,Ligue 1,M,1171,0,2,2.1561,0.0,0.1537147736976943,-2.1561
Tom Louchet,Ligue 1,M,1107,3,2,2.9586,0.24390243902439024,0.16260162601626016,0.04139999999999988
Gabin Bernardeau,Ligue 1,M,100,0,0,0.0837,0.0,0.0,-0.0837
Antoine Mendy,Ligue 1,D,1288,0,0,1.1578,0.0,0.0,-1.1578
Abdulay Juma Bah,Ligue 1,D,1376,0,0,0.6539,0.0,0.0,-0.6539
Kojo Peprah Oppong,Ligue 1,D,1888,1,0,1.5942,0.04766949152542373,0.0,-0.5942000000000001
Dante,Ligue 1,D,567,0,0,0.154,0.0,0.0,-0.154
Moise Bombito,Ligue 1,D,146,0,0,,0.0,0.0,
Melvin Bard,Ligue 1,D,1716,1,1,0.4197,0.05244755244755245,0.05244755244755245,0.5803
Yehvann Diouf,Ligue 1,G,1530,0,0,,0.0,0.0,
Maxime Dupé,Ligue 1,G,720,0,0,,0.0,0.0,
Lassine Sinayoko,Ligue 1,F,2075,6,3,7.5929,0.26024096385542167,0.13012048192771083,-1.5929000000000002
Danny Namaso,Ligue 1,F,1805,2,2,4.7813,0.0997229916897507,0.0997229916897507,-2.7813
Sékou Mara,Ligue 1,F,881,0,1,1.9221,0.0,0.1021566401816118,-1.9221
Ryan Rodin,Ligue 1,F,26,0,0,,0.0,0.0,
Josué Casimir,Ligue 1,M,1328,1,0,2.8306,0.06777108433734941,0.0,-1.8306
Oussama El Azzouzi,Ligue 1,M,813,1,0,0.5211,0.11070110701107011,0.0,0.4789
Elisha Owusu,Ligue 1,M,1543,0,0,0.0504,0.0,0.0,-0.0504
Romain Faivre,Ligue 1,M,168,0,0,0.086,0.0,0.0,-0.086
Kévin Danois,Ligue 1,M,2028,2,1,1.5509,0.08875739644970415,0.044378698224852076,0.44910000000000005
Naouirou Ahamada,Ligue 1,M,349,0,0,0.2924,0.0,0.0,-0.2924
Lasso Coulibaly,Ligue 1,M,287,0,0,0.2412,0.0,0.0,-0.2412
Assane Dioussé,Ligue 1,M,234,0,0,0.1216,0.0,0.0,-0.1216
Tidiane Devernois,Ligue 1,M,18,0,0,,0.0,0.0,
Gideon Mensah,Ligue 1,D,1631,0,0,0.0032,0.0,0.0,-0.0032
Francisco Sierralta,Ligue 1,D,862,1,0,1.033,0.10440835266821345,0.0,-0.03299999999999992
Clement Akpa,Ligue 1,D,1725,0,0,0.2071,0.0,0.0,-0.2071
Sinaly Diomandé,Ligue 1,D,1324,1,1,1.2099,0.06797583081570997,0.06797583081570997,-0.20989999999999998
Lamine Sy,Ligue 1,D,1000,0,0,0.713,0.0,0.0,-0.713
Bryan Okoh,Ligue 1,D,370,0,0,0.1651,0.0,0.0,-0.1651
Marvin Senaya,Ligue 1,D,1517,1,0,1.3136,0.05932762030323006,0.0,-0.3136000000000001
Fredrik Oppegård,Ligue 1,D,903,0,0,0.4637,0.0,0.0,-0.4637
Telli Siwe,Ligue 1,D,225,0,0,0.0205,0.0,0.0,-0.0205
Donovan Léon,Ligue 1,G,2026,0,0,,0.0,0.0,
Théo De Percin,Ligue 1,G,226,0,0,,0.0,0.0,
Mostafa Mohamed,Ligue 1,F,999,3,0,2.7015,0.2702702702702703,0.0,0.2985000000000002
Youssef El Arabi,Ligue 1,F,948,3,0,2.5281,0.2848101265822785,0.0,0.4719000000000002
Bahereba Guirassy,Ligue 1,F,779,2,1,1.5922,0.2310654685494223,0.11553273427471115,0.40779999999999994
Matthis Abline,Ligue 1,F,1901,4,2,4.6474,0.1893740136770121,0.09468700683850605,-0.6474000000000002
Amady Camara,Ligue 1,F,168,0,0,0.4256,0.0,0.0,-0.4256
Ignatius Ganago,Ligue 1,F,243,1,0,1.1877,0.3703703703703704,0.0,-0.18769999999999998
Ibrahima Sissoko,Ligue 1,M,256,0,0,0.0744,0.0,0.0,-0.0744
Rémy Cabella,Ligue 1,M,488,1,0,2.0903,0.18442622950819673,0.0,-1.0903
Deiver Machado,Ligue 1,M,755,0,1,0.4809,0.0,0.11920529801324503,-0.4809
Johann Lepenant,Ligue 1,M,1472,0,1,0.5528,0.0,0.06114130434782609,-0.5528
Mohamed Kaba,Ligue 1,M,445,0,1,0.168,0.0,0.20224719101123598,-0.168
Francis Coquelin,Ligue 1,M,432,0,0,0.1064,0.0,0.0,-0.1064
Louis Leroux,Ligue 1,M,1227,1,1,1.4012,0.07334963325183373,0.07334963325183373,-0.4012
Dehmaine Tabibou,Ligue 1,M,1006,0,0,0.9631,0.0,0.0,-0.9631
Bahmed Deuff,Ligue 1,M,228,0,0,0.1927,0.0,0.0,-0.1927
Ali Youssef,Ligue 1,D,528,0,0,0.0837,0.0,0.0,-0.0837
Chidozie Awaziem,Ligue 1,D,1861,1,1,0.5231,0.04836109618484686,0.04836109618484686,0.4769
Abakar Sylla,Ligue 1,D,65,0,0,0.2769,0.0,0.0,-0.2769
Tylel Tati,Ligue 1,D,1595,0,0,0.2698,0.0,0.0,-0.2698
Frédéric Guilbert,Ligue 1,D,15,0,0,,0.0,0.0,
Uroš Radaković,Ligue 1,D,35,0,0,,0.0,0.0,
Kelvin Amian,Ligue 1,D,1871,0,1,0.3935,0.0,0.04810261892036344,-0.3935
Fabien Centonze,Ligue 1,D,704,3,0,1.3,0.38352272727272724,0.0,1.7
Nicolas Cozza,Ligue 1,D,1583,0,0,0.1723,0.0,0.0,-0.1723
Sékou Doucoure,Ligue 1,D,45,0,0,,0.0,0.0,
Anthony Lopes,Ligue 1,G,2159,0,0,0.0845,0.0,0.0,-0.0845
Patrik Carlgren,Ligue 1,G,98,0,0,,0.0,0.0,
Habib Diallo,Ligue 1,F,1555,4,1,6.2092,0.23151125401929262,0.057877813504823156,-2.2092
Ibou Sane,Ligue 1,F,555,1,1,0.3589,0.16216216216216217,0.16216216216216217,0.6411
Lucas Michal,Ligue 1,F,228,0,0,0.0946,0.0,0.0,-0.0946
Giorgi Kvilitaia,Ligue 1,F,125,0,0,0.1112,0.0,0.0,-0.1112
Joel Asoro,Ligue 1,F,233,0,0,0.7218,0.0,0.0,-0.7218
Georgiy Tsitaishvili,Ligue 1,M,1742,2,1,1.1651,0.10332950631458095,0.05166475315729047,0.8349
Boubacar Traoré,Ligue 1,M,1366,1,0,0.9322,0.06588579795021962,0.0,0.06779999999999997
Alpha Touré,Ligue 1,M,1284,0,1,0.9666,0.0,0.07009345794392523,-0.9666
Gauthier Hein,Ligue 1,M,1634,6,4,5.7831,0.33047735618115054,0.22031823745410034,0.21689999999999987
Giorgi Abuashvili,Ligue 1,M,522,1,0,0.462,0.17241379310344826,0.0,0.538
Ismaël Guerti,Ligue 1,M,35,0,0,,0.0,0.0,
Believe Munongo,Ligue 1,M,295,0,0,0.2039,0.0,0.0,-0.2039
Benjamin Stambouli,Ligue 1,M,749,0,0,0.2121,0.0,0.0,-0.2121
Jessy Deminguet,Ligue 1,M,1375,1,0,0.2868,0.06545454545454545,0.0,0.7132000000000001
Fodé Ballo-Touré,Ligue 1,D,835,0,0,0.2213,0.0,0.0,-0.2213
Bouna Sarr,Ligue 1,D,155,0,0,0.0671,0.0,0.0,-0.0671
Jean-Philippe Gbamin,Ligue 1,D,1829,1,1,1.6327,0.04920721705850191,0.04920721705850191,-0.6327
Sadibou Sané,Ligue 1,D,1133,2,0,0.1767,0.1588702559576346,0.0,1.8233
Terry Yegbe,Ligue 1,D,1428,0,1,0.6517,0.0,0.06302521008403361,-0.6517
Koffi Kouao,Ligue 1,D,1777,1,1,1.5173,0.050647158131682614,0.050647158131682614,-0.5173000000000001
Urie-Michel Mboula,Ligue 1,D,500,0,0,0.1101,0.0,0.0,-0.1101
Maxime Colin,Ligue 1,D,1285,0,0,0.396,0.0,0.0,-0.396
Pape Sy,Ligue 1,G,77,0,0,,0.0,0.0,
Jonathan Fischer,Ligue 1,G,2173,0,0,,0.0,0.0,
Esmir Bajraktarević,Eredivisie,F,756,2,2,1.4574,0.23809523809523808,0.23809523809523808,0.5426
Couhaib Driouech,Eredivisie,F,646,1,3,1.9114,0.1393188854489164,0.4179566563467492,-0.9114
Ricardo Pepi,Eredivisie,F,873,10,1,8.2053,1.0309278350515463,0.10309278350515465,1.7947000000000006
Myron Boadu,Eredivisie,F,201,2,0,2.4255,0.8955223880597015,0.0,-0.4255
Ismael Saibari,Eredivisie,M,1775,12,5,10.8175,0.6084507042253522,0.2535211267605634,1.1824999999999992
Ivan Perišić,Eredivisie,M,1738,5,8,4.5326,0.25891829689298046,0.4142692750287687,0.4673999999999996
Dennis Man,Eredivisie,M,1207,6,6,4.6103,0.4473902236951119,0.4473902236951119,1.3897000000000004
Paul Wanner,Eredivisie,M,1143,2,2,3.2991,0.15748031496062992,0.15748031496062992,-1.2991000000000001
Joey Veerman,Eredivisie,M,2118,8,13,2.2333,0.33994334277620397,0.5524079320113314,5.7667
Guus Til,Eredivisie,M,1699,12,2,7.2818,0.6356680400235433,0.10594467333725721,4.7182
Ruben van Bommel,Eredivisie,M,381,3,0,2.1608,0.7086614173228346,0.0,0.8392
Alassane Pléa,Eredivisie,M,112,0,1,0.3995,0.0,0.8035714285714285,-0.3995
Jerdy Schouten,Eredivisie,M,2151,1,2,1.0972,0.04184100418410042,0.08368200836820083,-0.09719999999999995
Noah Fernandez,Eredivisie,M,122,0,0,0.0404,0.0,0.0,-0.0404
Joel Van Den Berg,Eredivisie,M,13,0,0,,0.0,0.0,
Anass Salah-Eddine,Eredivisie,D,893,0,0,0.546,0.0,0.0,-0.546
Sergiño Dest,Eredivisie,D,2019,1,4,0.8359,0.04457652303120356,0.17830609212481424,0.16410000000000002
Yarek Gasiorowski,Eredivisie,D,1559,3,1,1.8927,0.1731879409878127,0.05772931366260423,1.1073
Ryan Flamingo,Eredivisie,D,1031,2,1,0.8202,0.17458777885548013,0.08729388942774007,1.1798
Mauro Júnior,Eredivisie,D,1691,1,8,1.157,0.05322294500295684,0.4257835600236547,-0.15700000000000003
Kiliann Sildillia,Eredivisie,D,589,0,1,0.7936,0.0,0.15280135823429541,-0.7936
Armando Obispo,Eredivisie,D,731,2,0,1.3937,0.24623803009575923,0.0,0.6063000000000001
Matěj Kovář,Eredivisie,G,2160,0,0,,0.0,0.0,
Niek Schiks,Eredivisie,G,180,0,0,,0.0,0.0,
Raheem Sterling,Eredivisie,F,120,0,0,0.1639,0.0,0.0,-0.1639
Ayase Ueda,Eredivisie,F,1920,20,1,15.0562,0.9375,0.046875,4.9437999999999995
Shaqueel van Persie,Eredivisie,F,36,2,0,0.3734,5.0,0.0,1.6266
Casper Tengstedt,Eredivisie,F,293,3,0,2.9846,0.9215017064846416,0.0,0.01540000000000008
Gonçalo Borges,Eredivisie,F,372,2,1,1.2517,0.4838709677419355,0.24193548387096775,0.7483
Anis Hadj Moussa,Eredivisie,M,1924,8,5,3.5032,0.37422037422037424,0.2338877338877339,4.4968
Oussama Targhalline,Eredivisie,M,1210,2,2,0.3099,0.1487603305785124,0.1487603305785124,1.6901
Jakub Moder,Eredivisie,M,443,0,1,1.2381,0.0,0.20316027088036115,-1.2381
Sem Steijn,Eredivisie,M,1086,7,2,7.8167,0.580110497237569,0.16574585635359115,-0.8167
In-Beom Hwang,Eredivisie,M,947,1,3,0.8706,0.09503695881731784,0.28511087645195354,0.12939999999999996
Gaoussou Diarra,Eredivisie,M,160,0,0,0.169,0.0,0.0,-0.169
Leo Sauer,Eredivisie,M,1384,3,2,2.1054,0.1950867052023121,0.13005780346820808,0.8946000000000001
Luciano Valente,Eredivisie,M,1837,2,5,2.7559,0.09798584648884051,0.24496461622210125,-0.7559
Aymen Sliti,Eredivisie,M,455,1,0,0.7104,0.1978021978021978,0.0,0.28959999999999997
Thijs Kraaijeveld,Eredivisie,M,207,0,0,0.0728,0.0,0.0,-0.0728
Tobias van den Elshout,Eredivisie,M,27,0,0,0.0841,0.0,0.0,-0.0841
Givairo Read,Eredivisie,D,784,0,3,0.9721,0.0,0.3443877551020408,-0.9721
Anel Ahmedhodžić,Eredivisie,D,2120,0,1,1.2904,0.0,0.04245283018867924,-1.2904
Tsuyoshi Watanabe,Eredivisie,D,2113,1,0,1.7531,0.04259346900141978,0.0,-0.7531000000000001
Jeremiah St. Juste,Eredivisie,D,96,0,0,,0.0,0.0,
Jordan Bos,Eredivisie,D,1455,3,6,1.8955,0.18556701030927836,0.3711340206185567,1.1045
Jordan Lotomba,Eredivisie,D,662,0,1,0.4396,0.0,0.13595166163141995,-0.4396
Mats Deijl,Eredivisie,D,2295,1,5,2.7252,0.0392156862745098,0.19607843137254904,-1.7252
Bart Nieuwkoop,Eredivisie,D,532,1,0,0.7396,0.16917293233082706,0.0,0.26039999999999996
Gijs Smal,Eredivisie,D,802,0,1,1.1469,0.0,0.11221945137157106,-1.1469
Malcolm Jeng,Eredivisie,D,45,0,0,,0.0,0.0,
Timon Wellenreuther,Eredivisie,G,2250,0,0,,0.0,0.0,
Steven Benda,Eredivisie,G,90,0,0,,0.0,0.0,
Koki Ogawa,Eredivisie,F,1196,8,3,7.2402,0.6020066889632107,0.22575250836120403,0.7598000000000003
Danilo,Eredivisie,F,173,0,0,0.4862,0.0,0.0,-0.4862
Başar Önal,Eredivisie,F,1620,6,6,3.332,0.33333333333333337,0.33333333333333337,2.668
Youssef El Kachati,Eredivisie,F,383,2,2,1.4625,0.4699738903394256,0.4699738903394256,0.5375000000000001
Bryan Linssen,Eredivisie,F,1653,7,7,6.5692,0.3811252268602541,0.3811252268602541,0.4307999999999996
Virgil Misidjan,Eredivisie,F,541,1,2,0.4666,0.16635859519408502,0.33271719038817005,0.5334
Kodai Sano,Eredivisie,M,2340,3,5,1.1903,0.11538461538461539,0.19230769230769232,1.8097
Isak Hansen Aarøen,Eredivisie,M,16,0,0,,0.0,0.0,
Tjaronn Chery,Eredivisie,M,2060,7,6,7.7535,0.3058252427184466,0.2621359223300971,-0.7534999999999998
Sami Ouaissa,Eredivisie,M,1951,6,2,3.1802,0.2767811378780113,0.09226037929267042,2.8198
Darko Nejašmić,Eredivisie,M,1591,3,0,1.1998,0.16970458830923948,0.0,1.8002
Willum Thor Willumsson,Eredivisie,M,97,0,0,0.0786,0.0,0.0,-0.0786
Dirk Proper,Eredivisie,M,990,3,0,1.9452,0.2727272727272727,0.0,1.0548
Noe Lebreton,Eredivisie,M,758,3,4,3.0021,0.3562005277044855,0.47493403693931396,-0.0020999999999999908
Sam de Laat,Eredivisie,M,13,0,0,,0.0,0.0,
Ahmetcan Kaplan,Eredivisie,D,1792,1,0,1.6582,0.05022321428571428,0.0,-0.6581999999999999
Eli Dasa,Eredivisie,D,1441,1,0,0.6158,0.062456627342123525,0.0,0.3842
Thomas Ouwejan,Eredivisie,D,444,1,2,0.293,0.20270270270270271,0.40540540540540543,0.7070000000000001
Philippe Sandler,Eredivisie,D,1303,1,2,0.6753,0.06907137375287797,0.13814274750575595,0.3247
Jetro Willems,Eredivisie,D,58,0,0,,0.0,0.0,
Brayann Pereira,Eredivisie,D,1018,0,1,0.4561,0.0,0.08840864440078584,-0.4561
Bram Nuytinck,Eredivisie,D,1,0,0,,0.0,0.0,
Deveron Fonville,Eredivisie,D,889,0,2,0.2156,0.0,0.20247469066366705,-0.2156
Jasper Cillessen,Eredivisie,G,90,0,0,,0.0,0.0,
Gonzalo Crettaz,Eredivisie,G,2250,0,0,,0.0,0.0,
Sam Lammers,Eredivisie,F,872,5,2,6.3986,0.5160550458715597,0.20642201834862386,-1.3986
Ricky van Wolfswinkel,Eredivisie,F,1545,8,0,8.5442,0.46601941747572817,0.0,-0.5442
Lucas Vennegoor of Hesselink,Eredivisie,F,60,0,0,0.2815,0.0,0.0,-0.2815
Ramiz Zerrouki,Eredivisie,M,1997,2,1,1.0318,0.0901352028042063,0.04506760140210315,0.9682
Marko Pjaca,Eredivisie,M,753,2,1,2.3509,0.2390438247011952,0.1195219123505976,-0.3509000000000002
Kristian Hlynsson,Eredivisie,M,1881,7,3,8.9125,0.33492822966507174,0.14354066985645933,-1.9124999999999996
Sondre Ørjasæter,Eredivisie,M,1621,1,5,3.334,0.05552128315854411,0.27760641579272055,-2.334
Taylor Booth,Eredivisie,M,355,0,0,0.541,0.0,0.0,-0.541
Daan Rots,Eredivisie,M,1809,7,3,4.9814,0.3482587064676617,0.1492537313432836,2.0186
Thomas Van den Belt,Eredivisie,M,1728,3,1,5.3648,0.15625,0.05208333333333333,-2.3648
Arno Verschueren,Eredivisie,M,531,0,2,1.0699,0.0,0.3389830508474576,-1.0699
Mathias Kjølø,Eredivisie,M,419,0,0,0.1344,0.0,0.0,-0.1344
Daouda Weidmann,Eredivisie,M,292,0,0,0.3536,0.0,0.0,-0.3536
Ruud Nijstad,Eredivisie,D,1008,0,1,0.1923,0.0,0.08928571428571427,-0.1923
Mats Rots,Eredivisie,D,2236,4,3,2.4535,0.16100178890876565,0.12075134168157423,1.5465
Bart van Rooij,Eredivisie,D,2223,2,4,1.7578,0.08097165991902834,0.16194331983805668,0.24219999999999997
Stav Lemkin,Eredivisie,D,1320,0,1,0.2395,0.0,0.06818181818181818,-0.2395
Robin Pröpper,Eredivisie,D,1653,0,0,1.5729,0.0,0.0,-1.5729
Guilherme Peixoto,Eredivisie,D,17,0,0,,0.0,0.0,
Max Bruns,Eredivisie,D,793,1,0,0.3118,0.11349306431273644,0.0,0.6881999999999999
Przemysław Tytoń,Eredivisie,G,90,0,0,,0.0,0.0,
Lars Unnerstall,Eredivisie,G,2250,0,0,,0.0,0.0,
Wout Weghorst,Eredivisie,F,1361,6,2,5.1735,0.3967670830271859,0.13225569434239529,0.8265000000000002
Mika Godts,Eredivisie,F,1982,13,8,8.2244,0.5903128153380424,0.3632694248234107,4.775600000000001
Kasper Dolberg,Eredivisie,F,891,3,2,3.637,0.30303030303030304,0.20202020202020204,-0.637
Steven Berghuis,Eredivisie,F,571,1,2,1.5725,0.1576182136602452,0.3152364273204904,-0.5725
Oliver Edvardsen,Eredivisie,F,569,0,1,0.7336,0.0,0.15817223198594024,-0.7336
Don-Angelo Konadu,Eredivisie,F,101,0,0,0.27,0.0,0.0,-0.27
Oscar Gloukh,Eredivisie,M,1319,5,5,3.6828,0.3411675511751327,0.3411675511751327,1.3172000000000001
Rayane Bounida,Eredivisie,M,720,1,4,2.3253,0.125,0.5,-1.3253
Maher Carrizo,Eredivisie,M,14,0,0,,0.0,0.0,
Jorthy Mokio,Eredivisie,M,641,2,1,0.8858,0.28081123244929795,0.14040561622464898,1.1141999999999999
Davy Klaassen,Eredivisie,M,1513,5,2,3.9063,0.29742233972240584,0.11896893588896232,1.0937000000000001
Kian Fitz-Jim,Eredivisie,M,499,1,0,0.8942,0.18036072144288576,0.0,0.1058
Sean Steur,Eredivisie,M,741,0,0,1.0356,0.0,0.0,-1.0356
Youri Regeer,Eredivisie,M,1435,0,2,0.528,0.0,0.1254355400696864,-0.528
Oleksandr Zinchenko,Eredivisie,D,20,0,0,,0.0,0.0,
Takehiro Tomiyasu,Eredivisie,D,56,0,0,,0.0,0.0,
Josip Šutalo,Eredivisie,D,1167,0,0,0.1664,0.0,0.0,-0.1664
Ko Itakura,Eredivisie,D,1088,1,0,0.6754,0.08272058823529412,0.0,0.3246
Youri Baas,Eredivisie,D,2040,4,1,1.6357,0.1764705882352941,0.044117647058823525,2.3643
Anton Gaaei,Eredivisie,D,1233,0,4,0.8264,0.0,0.29197080291970806,-0.8264
Aaron Bouwman,Eredivisie,D,550,1,0,0.2957,0.16363636363636364,0.0,0.7042999999999999
Owen Wijndal,Eredivisie,D,1339,1,0,0.6601,0.06721433905899926,0.0,0.3399
Lucas Rosa,Eredivisie,D,1424,0,0,0.9414,0.0,0.0,-0.9414
Maarten Paes,Eredivisie,G,270,0,0,,0.0,0.0,
Vítězslav Jaroš,Eredivisie,G,1710,0,0,,0.0,0.0,
Troy Parrott,Eredivisie,F,1721,13,1,14.751,0.6798373038930854,0.05229517722254503,-1.7509999999999994
Ibrahim Sadiq,Eredivisie,F,593,2,0,1.9542,0.30354131534569984,0.0,0.04580000000000006
Mexx Meerdink,Eredivisie,F,623,3,1,4.9375,0.4333868378812199,0.14446227929373998,-1.9375
Jizz Hornkamp,Eredivisie,F,1351,10,1,8.2525,0.6661732050333087,0.06661732050333086,1.7475000000000005
Isak Steiner Jensen,Eredivisie,F,1466,1,3,1.9915,0.061391541609822645,0.18417462482946792,-0.9915
Kees Smit,Eredivisie,M,1668,3,2,1.9482,0.16187050359712232,0.1079136690647482,1.0518
Sven Mijnans,Eredivisie,M,1631,6,5,8.8191,0.33108522378908645,0.27590435315757206,-2.8191000000000006
Weslley Patati,Eredivisie,M,1153,2,2,3.799,0.15611448395490027,0.15611448395490027,-1.799
Ayoub Oufkir,Eredivisie,M,885,1,2,3.9972,0.1016949152542373,0.2033898305084746,-2.9972
Peer Koopmeiners,Eredivisie,M,1772,1,0,1.5894,0.05079006772009029,0.0,-0.5893999999999999
Ro-Zangelo Daal,Eredivisie,M,909,1,0,0.7507,0.099009900990099,0.0,0.24929999999999997
Matěj Šín,Eredivisie,M,482,1,1,1.2481,0.18672199170124482,0.18672199170124482,-0.2481
Wassim Bouziane,Eredivisie,M,74,0,1,0.0402,0.0,1.2162162162162162,-0.0402
Jordy Clasie,Eredivisie,M,532,0,0,0.0617,0.0,0.0,-0.0617
Kasper Boogaard,Eredivisie,M,632,0,2,0.2394,0.0,0.2848101265822785,-0.2394
Mateo Chávez,Eredivisie,D,703,0,2,0.7927,0.0,0.25604551920341395,-0.7927
Seiya Maikuma,Eredivisie,D,123,0,0,,0.0,0.0,
Wouter Goes,Eredivisie,D,2141,1,0,1.2099,0.04203643157403082,0.0,-0.20989999999999998
Alexandre Penetra,Eredivisie,D,2270,2,1,1.669,0.07929515418502203,0.039647577092511016,0.33099999999999996
Denso Kasius,Eredivisie,D,999,2,1,1.1144,0.18018018018018017,0.09009009009009009,0.8855999999999999
Elijah Dijkstra,Eredivisie,D,661,0,0,0.0656,0.0,0.0,-0.0656
Maxim Dekker,Eredivisie,D,201,0,0,0.0579,0.0,0.0,-0.0579
Mees de Wit,Eredivisie,D,2038,2,4,2.1752,0.08832188420019627,0.17664376840039253,-0.1751999999999998
Billy van Duijl,Eredivisie,D,270,1,0,0.1826,0.33333333333333337,0.0,0.8174
Rome Jayden Owusu-Oduro,Eredivisie,G,1602,0,0,,0.0,0.0,
Jeroen Zoet,Eredivisie,G,738,0,1,,0.0,0.12195121951219512,
Tobias Lauritsen,Eredivisie,F,2339,10,3,9.465,0.38477982043608383,0.11543394613082514,0.5350000000000001
Casper Terho,Eredivisie,F,79,1,1,0.4748,1.139240506329114,1.139240506329114,0.5252
Milan Zonneveld,Eredivisie,F,910,4,2,6.2334,0.3956043956043956,0.1978021978021978,-2.2333999999999996
Shunsuke Mito,Eredivisie,M,1297,5,3,4.9164,0.34695451040863534,0.2081727062451812,0.08359999999999967
Joshua Kitolano,Eredivisie,M,2011,5,2,1.8532,0.22376926902038785,0.08950770760815514,3.1468
Mitchell van Bergen,Eredivisie,M,1976,3,2,4.2436,0.13663967611336034,0.09109311740890688,-1.2435999999999998
Vito van Crooij,Eredivisie,M,306,1,0,1.5518,0.29411764705882354,0.0,-0.5518000000000001
Jens Toornstra,Eredivisie,M,773,0,0,1.0781,0.0,0.0,-1.0781
Alwande Roaldsoy,Eredivisie,M,39,0,0,,0.0,0.0,
Julian Baas,Eredivisie,M,962,0,0,1.3932,0.0,0.0,-1.3932
Ayoni  Santos,Eredivisie,M,996,0,1,1.719,0.0,0.09036144578313252,-1.719
Jonathan de Guzmán,Eredivisie,M,84,0,0,,0.0,0.0,
Pelle Clement,Eredivisie,M,1451,2,3,0.773,0.12405237767057202,0.18607856650585802,1.2269999999999999
Younes Jaber el Maftahi,Eredivisie,M,33,0,0,0.0803,0.0,0.0,-0.0803
Patrick van Aanholt,Eredivisie,D,675,1,3,1.148,0.13333333333333333,0.4,-0.1479999999999999
Teo Quintero,Eredivisie,D,1845,1,0,1.6151,0.04878048780487805,0.0,-0.6151
Shurandy Sambo,Eredivisie,D,1364,0,1,0.2087,0.0,0.06598240469208211,-0.2087
Marvin Young,Eredivisie,D,2250,0,1,0.3754,0.0,0.04,-0.3754
Bruno Martins Indi,Eredivisie,D,1887,1,0,1.0211,0.04769475357710652,0.0,-0.021099999999999897
Lushendry Edward Martes,Eredivisie,D,599,0,0,0.2273,0.0,0.0,-0.2273
Saïd Bakari,Eredivisie,D,364,0,0,,0.0,0.0,
Mike Kleijn,Eredivisie,D,382,0,1,,0.0,0.23560209424083772,
Joël Drommel,Eredivisie,G,2340,0,0,0.0298,0.0,0.0,-0.0298
Dylan Vente,Eredivisie,F,1698,6,2,9.2632,0.31802120141342755,0.10600706713780918,-3.2631999999999994
Amourricho van Axel-Dongen,Eredivisie,F,119,1,0,1.0664,0.7563025210084033,0.0,-0.06640000000000001
Lasse Selvåg Nordås,Eredivisie,F,453,4,1,3.056,0.7947019867549668,0.1986754966887417,0.944
Jermaine Rijssel,Eredivisie,F,11,0,0,,0.0,0.0,
Jacob Trenskow,Eredivisie,M,1992,9,2,6.8889,0.4066265060240964,0.09036144578313252,2.1111000000000004
Ringo Meerveld,Eredivisie,M,1781,4,3,4.6718,0.20213363279056712,0.15160022459292533,-0.6718000000000002
Luca Oyen,Eredivisie,M,195,0,0,0.8296,0.0,0.0,-0.8296
Marcus Linday,Eredivisie,M,1626,0,2,1.0881,0.0,0.11070110701107011,-1.0881
Eser Gürbüz,Eredivisie,M,280,1,0,1.2336,0.3214285714285714,0.0,-0.23360000000000003
Luuk Brouwers,Eredivisie,M,1739,5,4,3.4564,0.25876940770557794,0.20701552616446234,1.5436
Maxence Rivera,Eredivisie,M,1755,2,4,4.2464,0.10256410256410256,0.20512820512820512,-2.2464000000000004
Levi Smans,Eredivisie,M,53,0,1,0.3844,0.0,1.6981132075471697,-0.3844
Joris van Overeem,Eredivisie,M,2338,2,5,2.1883,0.07698887938408897,0.1924721984602224,-0.1882999999999999
Nolhan Courtens,Eredivisie,M,20,0,0,,0.0,0.0,
Isaiah Ahmed,Eredivisie,M,9,0,0,,0.0,0.0,
Hristiyan Petrov,Eredivisie,D,434,0,0,0.1284,0.0,0.0,-0.1284
Vasilios Zagaritis,Eredivisie,D,2159,2,1,1.2541,0.08337193144974525,0.041685965724872626,0.7459
Nikolai Soyset Hopland,Eredivisie,D,550,1,0,0.8067,0.16363636363636364,0.0,0.19330000000000003
Oliver Braude,Eredivisie,D,2189,0,4,1.1238,0.0,0.16445865692096848,-1.1238
Mats Egbring,Eredivisie,D,54,0,1,0.028,0.0,1.6666666666666665,-0.028
Sam Kersten,Eredivisie,D,1660,1,0,0.3166,0.054216867469879526,0.0,0.6834
Maas Willemsen,Eredivisie,D,1898,1,0,2.0022,0.04741833508956796,0.0,-1.0022000000000002
Andries Noppert,Eredivisie,G,360,0,0,,0.0,0.0,
Nordin Bakker,Eredivisie,G,90,0,0,,0.0,0.0,
Bernt Klaverboer,Eredivisie,G,1890,0,0,,0.0,0.0,
Sébastien Haller,Eredivisie,F,763,1,2,1.8602,0.11795543905635648,0.23591087811271297,-0.8602000000000001
Artem Stepanov,Eredivisie,F,397,1,1,3.1638,0.22670025188916876,0.22670025188916876,-2.1638
Jesper Karlsson,Eredivisie,F,285,2,0,0.4864,0.631578947368421,0.0,1.5136
David Min,Eredivisie,F,807,3,0,5.1011,0.33457249070631967,0.0,-2.1010999999999997
Adrian Blake,Eredivisie,F,901,1,2,2.03,0.09988901220865705,0.1997780244173141,-1.0299999999999998
Zidane Iqbal,Eredivisie,M,255,0,0,,0.0,0.0,
Ángel Alarcón,Eredivisie,M,497,2,1,2.3469,0.3621730382293763,0.18108651911468815,-0.3469000000000002
Gjivai Zechiël,Eredivisie,M,2113,5,3,3.8101,0.2129673450070989,0.12778040700425936,1.1899000000000002
Miguel Rodríguez,Eredivisie,M,1355,3,0,3.8585,0.1992619926199262,0.0,-0.8584999999999998
Dani de Wit,Eredivisie,M,1534,4,2,2.7587,0.2346805736636245,0.11734028683181225,1.2412999999999998
Yoann Cathline,Eredivisie,M,1203,3,2,1.9053,0.22443890274314213,0.14962593516209477,1.0947
Victor Jensen,Eredivisie,M,547,5,0,2.4747,0.8226691042047533,0.0,2.5253
Alonzo Engwanda,Eredivisie,M,2204,0,1,0.1623,0.0,0.04083484573502722,-0.1623
Can Bozdoğan,Eredivisie,M,424,1,0,0.9958,0.2122641509433962,0.0,0.0041999999999999815
Souffian El Karouani,Eredivisie,D,2159,2,10,1.5608,0.08337193144974525,0.41685965724872626,0.43920000000000003
Siebe Horemans,Eredivisie,D,1576,0,1,0.6156,0.0,0.05710659898477157,-0.6156
Mike Eerdhuijzen,Eredivisie,D,177,0,0,,0.0,0.0,
Matisse Didden,Eredivisie,D,1503,1,0,1.1114,0.059880239520958084,0.0,-0.11139999999999994
Mike van der Hoorn,Eredivisie,D,1530,1,0,1.1935,0.058823529411764705,0.0,-0.1935
Nick Viergever,Eredivisie,D,1661,0,0,1.323,0.0,0.0,-1.323
Niklas Vesterlund,Eredivisie,D,572,0,0,0.2467,0.0,0.0,-0.2467
Vasilis Barkas,Eredivisie,G,2205,0,0,,0.0,0.0,
Michael Brouwer,Eredivisie,G,135,0,0,,0.0,0.0,
Oskar Zawada,Eredivisie,F,311,3,0,3.2645,0.8681672025723474,0.0,-0.26449999999999996
Thom van Bergen,Eredivisie,F,2258,6,3,12.7938,0.23914968999114258,0.11957484499557129,-6.793799999999999
Brynjólfur Darri Willumsson,Eredivisie,F,1089,6,0,5.6191,0.49586776859504134,0.0,0.3808999999999996
Rui Mendes,Eredivisie,F,39,0,0,0.1509,0.0,0.0,-0.1509
Mark Hoekstra,Eredivisie,F,47,0,0,,0.0,0.0,
Younes Taha,Eredivisie,M,2064,4,6,4.8162,0.1744186046511628,0.2616279069767442,-0.8162000000000003
Tygo Land,Eredivisie,M,880,0,0,0.5487,0.0,0.0,-0.5487
Stije Resink,Eredivisie,M,2090,5,5,5.6969,0.21531100478468898,0.21531100478468898,-0.6969000000000003
Travis Hernes,Eredivisie,M,117,0,0,0.5719,0.0,0.0,-0.5719
Jorg Schreuders,Eredivisie,M,2108,0,2,2.3437,0.0,0.08538899430740038,-2.3437
Mats Seuntjens,Eredivisie,M,176,1,0,0.7672,0.5113636363636364,0.0,0.2328
Tika de Jonge,Eredivisie,M,1437,2,0,1.1265,0.12526096033402923,0.0,0.8734999999999999
David van der Werff,Eredivisie,M,1494,2,0,4.1466,0.12048192771084337,0.0,-2.1466000000000003
Dies Janse,Eredivisie,D,2004,1,1,1.1034,0.044910179640718556,0.044910179640718556,-0.10339999999999994
Thijmen Blokzijl,Eredivisie,D,2327,1,1,0.7682,0.03867640739149119,0.03867640739149119,0.2318
Marco Rente,Eredivisie,D,1571,2,2,1.2976,0.11457670273711011,0.11457670273711011,0.7023999999999999
Marvin Peersman,Eredivisie,D,2148,2,1,2.1134,0.08379888268156424,0.04189944134078212,-0.11339999999999995
Tyrique Mercera,Eredivisie,D,845,0,1,0.1641,0.0,0.10650887573964497,-0.1641
Wouter Prins,Eredivisie,D,438,0,2,0.1317,0.0,0.410958904109589,-0.1317
Etienne Vaessen,Eredivisie,G,1973,0,1,,0.0,0.0456158134820071,
Hidde Jurjus,Eredivisie,G,367,0,0,,0.0,0.0,
Kaj Sierhuis,Eredivisie,F,1554,10,0,8.0174,0.5791505791505791,0.0,1.9825999999999997
Paul Gladon,Eredivisie,F,669,4,1,2.6426,0.5381165919282511,0.13452914798206278,1.3574000000000002
Mohamed Ihattaren,Eredivisie,M,1686,6,8,5.598,0.32028469750889677,0.42704626334519574,0.40200000000000014
Alen Halilović,Eredivisie,M,18,0,1,,0.0,5.0,
Édouard Michut,Eredivisie,M,1412,0,0,0.999,0.0,0.0,-0.999
Yassin Oukili,Eredivisie,M,112,1,0,0.2636,0.8035714285714285,0.0,0.7363999999999999
Dimitris Limnios,Eredivisie,M,1597,0,4,1.6178,0.0,0.22542266750156542,-1.6178
Samuel Bastien,Eredivisie,M,40,0,0,,0.0,0.0,
Justin Lonwijk,Eredivisie,M,905,4,0,1.8562,0.3977900552486188,0.0,2.1437999999999997
Luka Tunjić,Eredivisie,M,300,2,0,0.4513,0.6000000000000001,0.0,1.5487
Lance Duijvestijn,Eredivisie,M,1263,2,1,2.922,0.14251781472684086,0.07125890736342043,-0.9220000000000002
Kristoffer Peterson,Eredivisie,M,1340,2,2,3.3896,0.13432835820895522,0.13432835820895522,-1.3896000000000002
Philip Brittijn,Eredivisie,M,1840,3,1,1.9379,0.1467391304347826,0.04891304347826087,1.0621
Tristan Schenkhuizen,Eredivisie,M,18,0,0,0.0327,0.0,0.0,-0.0327
Justin Hubner,Eredivisie,D,1083,2,1,2.2197,0.16620498614958448,0.08310249307479224,-0.2197
Neraysho Kasanwirjo,Eredivisie,D,693,0,1,0.0867,0.0,0.12987012987012986,-0.0867
Shawn Adewoye,Eredivisie,D,1661,0,0,0.1792,0.0,0.0,-0.1792
Ivo Pinto,Eredivisie,D,1835,0,5,0.0457,0.0,0.24523160762942778,-0.0457
Syb van Ottele,Eredivisie,D,395,0,0,0.1044,0.0,0.0,-0.1044
Iván Márquez,Eredivisie,D,2153,1,0,1.2547,0.04180213655364608,0.0,-0.2546999999999999
Jasper Dahlhaus,Eredivisie,D,1501,0,1,0.3763,0.0,0.05996002664890073,-0.3763
Mattijs Branderhorst,Eredivisie,G,1890,0,0,,0.0,0.0,
Luuk Koopmans,Eredivisie,G,450,0,0,,0.0,0.0,
Victor Kaj Edvardsen,Eredivisie,F,1306,2,2,2.3596,0.13782542113323124,0.13782542113323124,-0.3595999999999999
Richonell Margaret,Eredivisie,F,1005,1,2,1.1186,0.08955223880597014,0.1791044776119403,-0.11860000000000004
Stefán Ingi Sigurðarson,Eredivisie,F,100,1,0,1.6763,0.9,0.0,-0.6762999999999999
Oskar Siira Sivertsen,Eredivisie,F,301,0,1,1.1519,0.0,0.29900332225913623,-1.1519
Thibo Baeten,Eredivisie,F,658,1,2,0.9179,0.13677811550151975,0.2735562310030395,0.08209999999999995
Finn Stokkers,Eredivisie,F,177,1,0,0.6828,0.5084745762711864,0.0,0.31720000000000004
Oscar Pettersson,Eredivisie,F,157,0,1,0.262,0.0,0.5732484076433121,-0.262
Jakob Breum,Eredivisie,M,1360,3,4,2.1223,0.19852941176470587,0.2647058823529412,0.8776999999999999
Jaden Slory,Eredivisie,M,641,0,0,0.6683,0.0,0.0,-0.6683
Mathis Suray,Eredivisie,M,1945,9,2,7.8909,0.41645244215938304,0.09254498714652956,1.1090999999999998
Kenzo Goudmijn,Eredivisie,M,769,0,0,0.7709,0.0,0.0,-0.7709
Melle Meulensteen,Eredivisie,M,2112,6,1,4.0977,0.2556818181818182,0.04261363636363637,1.9023000000000003
Yassir Rahmouni,Eredivisie,M,783,0,0,0.078,0.0,0.0,-0.078
Evert Linthorst,Eredivisie,M,1364,1,1,0.5183,0.06598240469208211,0.06598240469208211,0.4817
Søren Tengstedt,Eredivisie,M,226,2,0,0.7226,0.7964601769911505,0.0,1.2774
Robbin Weijenberg,Eredivisie,M,46,0,0,0.0159,0.0,0.0,-0.0159
Dean James,Eredivisie,D,1381,1,1,0.8597,0.06517016654598116,0.06517016654598116,0.14029999999999998
Alfons Sampsted,Eredivisie,D,454,0,0,0.1712,0.0,0.0,-0.1712
Joris Kramer,Eredivisie,D,2295,0,3,1.2229,0.0,0.11764705882352941,-1.2229
Aske Adelgaard,Eredivisie,D,949,0,1,0.1557,0.0,0.09483667017913593,-0.1557
Eus Waayers,Eredivisie,D,13,0,0,0.0311,0.0,0.0,-0.0311
Gerrit Nauber,Eredivisie,D,799,2,0,1.2145,0.22528160200250313,0.0,0.7855000000000001
Julius Dirksen,Eredivisie,D,494,1,0,0.1567,0.18218623481781376,0.0,0.8432999999999999
Giovanni van Zwam,Eredivisie,D,600,0,0,0.3689,0.0,0.0,-0.3689
Jari De Busser,Eredivisie,G,2340,0,0,,0.0,0.0,
Shola Shoretire,Eredivisie,F,1572,5,1,3.6316,0.2862595419847328,0.05725190839694657,1.3683999999999998
Koen Kostons,Eredivisie,F,2228,10,6,7.9727,0.40394973070017953,0.24236983842010773,2.0273000000000003
Kaj de Rooij,Eredivisie,F,1660,6,5,2.891,0.3253012048192771,0.27108433734939763,3.109
Thomas Buitink,Eredivisie,F,84,0,0,0.1353,0.0,0.0,-0.1353
Jan Faberski,Eredivisie,M,499,0,2,0.3927,0.0,0.3607214428857715,-0.3927
Samir Lagsir,Eredivisie,M,29,0,0,,0.0,0.0,
Jamiro Monteiro,Eredivisie,M,1161,2,2,2.4294,0.15503875968992248,0.15503875968992248,-0.4293999999999998
Younes Namli,Eredivisie,M,701,2,4,1.4278,0.25677603423680456,0.5135520684736091,0.5722
Jadiel Pereira da Gama,Eredivisie,M,186,0,0,0.0219,0.0,0.0,-0.0219
Zico Buurmeester,Eredivisie,M,811,0,0,0.3594,0.0,0.0,-0.3594
Ryan Thomas,Eredivisie,M,1864,1,0,0.5301,0.048283261802575105,0.0,0.4699
Thijs Oosting,Eredivisie,M,1990,4,1,5.6513,0.18090452261306533,0.04522613065326633,-1.6513
Odysseus Velanas,Eredivisie,M,80,0,0,,0.0,0.0,
Nick Fichtinger,Eredivisie,M,538,0,1,0.1449,0.0,0.16728624535315983,-0.1449
Gabriel Reiziger,Eredivisie,M,82,0,0,0.2694,0.0,0.0,-0.2694
Tristan Gooijer,Eredivisie,D,1188,3,0,1.6669,0.2272727272727273,0.0,1.3331
Anselmo Garcia McNulty,Eredivisie,D,2232,1,0,1.1107,0.04032258064516129,0.0,-0.11070000000000002
Sherel Floranus,Eredivisie,D,2274,1,3,0.6969,0.0395778364116095,0.11873350923482849,0.30310000000000004
Olivier Aertssen,Eredivisie,D,1268,0,2,0.1594,0.0,0.14195583596214512,-0.1594
Simon Graves,Eredivisie,D,2125,0,2,1.0804,0.0,0.08470588235294117,-1.0804
Tijs Velthuis,Eredivisie,D,127,0,0,,0.0,0.0,
Damian van der Haar,Eredivisie,D,14,0,0,,0.0,0.0,
David Voute,Eredivisie,D,93,0,0,0.0167,0.0,0.0,-0.0167
Dylan Ruward,Eredivisie,D,11,0,0,,0.0,0.0,
Tom de Graaff,Eredivisie,G,2160,0,0,,0.0,0.0,
Jasper Schendelaar,Eredivisie,G,180,0,0,,0.0,0.0,
Henk Veerman,Eredivisie,F,1495,4,1,5.3848,0.24080267558528426,0.060200668896321065,-1.3848000000000003
Anthony Descotte,Eredivisie,F,314,2,1,0.8609,0.5732484076433121,0.28662420382165604,1.1391
Benjamin Pauwels,Eredivisie,F,221,0,0,0.5047,0.0,0.0,-0.5047
Key Shawn Wong A Soij,Eredivisie,F,23,0,0,0.1291,0.0,0.0,-0.1291
Jesper Tielemans,Eredivisie,F,11,0,0,0.0899,0.0,0.0,-0.0899
Bilal Ould-Chikh,Eredivisie,M,408,0,0,0.2406,0.0,0.0,-0.2406
Ozan Kökçü,Eredivisie,M,1407,1,2,1.2805,0.06396588486140725,0.1279317697228145,-0.28049999999999997
Juninho Bacuna,Eredivisie,M,173,0,0,0.1939,0.0,0.0,-0.1939
Dave Kwakman,Eredivisie,M,799,0,4,0.6341,0.0,0.45056320400500627,-0.6341
Joel Ideho,Eredivisie,M,877,1,1,0.9053,0.10262257696693272,0.10262257696693272,0.0947
Robert Mühren,Eredivisie,M,614,4,0,3.6351,0.5863192182410424,0.0,0.3649
Gibson Yah,Eredivisie,M,1207,0,3,0.1386,0.0,0.22369511184755594,-0.1386
Brandley Kuwas,Eredivisie,M,1705,5,3,4.5628,0.26392961876832843,0.15835777126099707,0.4371999999999998
Robin van Cruijsen,Eredivisie,M,1059,4,3,1.9546,0.33994334277620397,0.254957507082153,2.0454
Nordin Bukala,Eredivisie,M,1604,1,1,2.0199,0.05610972568578553,0.05610972568578553,-1.0198999999999998
Aurelio Oehlers,Eredivisie,M,1311,4,1,1.6644,0.2745995423340961,0.06864988558352403,2.3356
Myron Mau-Asam,Eredivisie,M,9,0,0,,0.0,0.0,
Alex Plat,Eredivisie,M,444,0,0,0.1235,0.0,0.0,-0.1235
Precious Ugwu,Eredivisie,D,1451,0,0,0.5116,0.0,0.0,-0.5116
Mawouna Amevor,Eredivisie,D,2039,1,1,0.6745,0.04413928396272683,0.04413928396272683,0.3255
Nick Verschuren,Eredivisie,D,2055,0,1,0.5265,0.0,0.043795620437956206,-0.5265
Yannick Leliendal,Eredivisie,D,2116,1,1,0.5555,0.04253308128544424,0.04253308128544424,0.4445
Silvinho Esajas,Eredivisie,D,74,0,0,0.1389,0.0,0.0,-0.1389
Luca Blondeau,Eredivisie,D,1,0,0,,0.0,0.0,
Deron Payne,Eredivisie,D,931,0,0,0.1779,0.0,0.0,-0.1779
Aaron Meijers,Eredivisie,D,376,0,0,0.0724,0.0,0.0,-0.0724
Kayne van Oevelen,Eredivisie,G,2340,0,0,0.0159,0.0,0.0,-0.0159
Miliano Jonathans,Eredivisie,F,493,2,1,1.9269,0.36511156186612576,0.18255578093306288,0.07309999999999994
Szymon Włodarczyk,Eredivisie,F,634,2,1,4.4147,0.28391167192429023,0.14195583596214512,-2.4147
Jerolldino Bergraaf,Eredivisie,F,902,0,0,1.2049,0.0,0.0,-1.2049
Nesto Groen,Eredivisie,F,18,0,0,,0.0,0.0,
Mike van Duinen,Eredivisie,F,575,1,2,1.4264,0.1565217391304348,0.3130434782608696,-0.4263999999999999
Gyan de Regt,Eredivisie,M,1974,2,4,3.278,0.09118541033434652,0.18237082066869303,-1.278
Chris-Kévin Nadje,Eredivisie,M,234,0,0,0.1188,0.0,0.0,-0.1188
Irakli Yegoian,Eredivisie,M,2040,4,2,2.8389,0.1764705882352941,0.08823529411764705,1.1610999999999998
Emil Hansson,Eredivisie,M,274,1,0,0.1193,0.3284671532846715,0.0,0.8807
Noah Naujoks,Eredivisie,M,1659,8,0,6.5785,0.43399638336347196,0.0,1.4215
Derensili Sanches Fernandes,Eredivisie,M,1828,1,2,2.9287,0.04923413566739606,0.09846827133479212,-1.9287
Lennard Hartjes,Eredivisie,M,882,0,0,1.1266,0.0,0.0,-1.1266
Mathijs Tielemans,Eredivisie,M,133,0,0,0.0237,0.0,0.0,-0.0237
Adam Carlén,Eredivisie,M,1181,0,1,0.2928,0.0,0.07620660457239627,-0.2928
Arthur Zagre,Eredivisie,D,1680,2,0,2.6408,0.10714285714285715,0.0,-0.6408
Lewis Schouten,Eredivisie,D,726,1,0,1.2086,0.12396694214876033,0.0,-0.2085999999999999
Casper Widell,Eredivisie,D,2334,0,0,1.3348,0.0,0.0,-1.3348
Ilias Bronkhorst,Eredivisie,D,1915,2,0,0.8215,0.09399477806788512,0.0,1.1785
Stan Henderikx,Eredivisie,D,542,0,0,0.1105,0.0,0.0,-0.1105
Rick Meissen,Eredivisie,D,1961,0,2,0.5942,0.0,0.09178990311065784,-0.5942
Simon Janssen,Eredivisie,D,495,0,1,0.5396,0.0,0.18181818181818182,-0.5396
Stijn van Gassel,Eredivisie,G,2100,0,0,,0.0,0.0,
Calvin Raatsie,Eredivisie,G,180,0,0,,0.0,0.0,
Tijmen Holla,Eredivisie,G,60,0,0,,0.0,0.0,
Jochem Ritmeester van de Kamp,Eredivisie,F,1885,7,1,2.9507,0.33421750663129973,0.04774535809018567,4.049300000000001
Kay Tejan,Eredivisie,F,606,2,1,3.9831,0.297029702970297,0.1485148514851485,-1.9830999999999999
Sem van Duijn,Eredivisie,F,363,1,1,1.2211,0.24793388429752067,0.24793388429752067,-0.22110000000000007
Soufiane Hetli,Eredivisie,F,1325,3,0,4.5075,0.2037735849056604,0.0,-1.5075000000000003
Nökkvi Þórisson,Eredivisie,F,429,1,1,1.4161,0.2097902097902098,0.2097902097902098,-0.4160999999999999
Patrick Brouwer,Eredivisie,F,1600,6,3,6.2733,0.33749999999999997,0.16874999999999998,-0.2732999999999999
Jelani Seedorf,Eredivisie,F,92,0,0,0.6898,0.0,0.0,-0.6898
Cedric Hatenboer,Eredivisie,M,583,0,0,0.2195,0.0,0.0,-0.2195
Tyrone Owusu,Eredivisie,M,1139,2,0,1.6266,0.15803336259877085,0.0,0.37339999999999995
Tyrese Noslin,Eredivisie,M,1822,1,2,2.053,0.04939626783754116,0.09879253567508232,-1.053
Nils Rossen,Eredivisie,M,2211,3,1,0.8804,0.12211668928086837,0.0407055630936228,2.1196
Jeff Hardeveld,Eredivisie,M,2259,4,6,2.6533,0.1593625498007968,0.2390438247011952,1.3466999999999998
Adil Lechkar,Eredivisie,M,280,0,2,0.155,0.0,0.6428571428571428,-0.155
Dylan Mertens,Eredivisie,M,486,0,0,0.5506,0.0,0.0,-0.5506
Rojendro Oudsten,Eredivisie,M,79,0,0,0.0968,0.0,0.0,-0.0968
Gerald Alders,Eredivisie,D,422,0,0,0.0295,0.0,0.0,-0.0295
Dion Malone,Eredivisie,D,196,0,0,,0.0,0.0,
Danny Bakker,Eredivisie,D,1916,2,1,2.7006,0.0939457202505219,0.04697286012526095,-0.7006000000000001
Devon Koswal,Eredivisie,D,1162,0,0,0.11,0.0,0.0,-0.11
Neville Nwankwo,Eredivisie,D,1446,0,1,1.1593,0.0,0.06224066390041494,-1.1593
Guus Offerhaus,Eredivisie,D,2339,0,3,0.5464,0.0,0.11543394613082514,-0.5464
Nigel Ogidi Nwankwo,Eredivisie,D,70,0,0,0.052,0.0,0.0,-0.052
Ronald Koeman Jr,Eredivisie,G,2239,0,0,,0.0,0.0,
Daan Reiziger,Eredivisie,G,101,0,0,,0.0,0.0,
André Ayew,Eredivisie,F,460,1,0,1.1814,0.1956521739130435,0.0,-0.1814
Amine Salama,Eredivisie,F,159,0,0,0.0536,0.0,0.0,-0.0536
Brahim Ghalidi,Eredivisie,F,80,0,0,0.039,0.0,0.0,-0.039
Charles-Andreas Brym,Eredivisie,F,1201,2,4,4.1163,0.1498751040799334,0.2997502081598668,-2.1163
Moussa Soumano,Eredivisie,F,544,3,0,2.7217,0.4963235294117647,0.0,0.2783000000000002
Pepijn Reulen,Eredivisie,F,186,1,0,0.2995,0.4838709677419355,0.0,0.7005
Kamal Sowah,Eredivisie,M,2295,1,1,2.143,0.0392156862745098,0.0392156862745098,-1.1429999999999998
Mohamed Nassoh,Eredivisie,M,1449,3,1,3.1278,0.1863354037267081,0.062111801242236024,-0.12780000000000014
Juho Talvitie,Eredivisie,M,1234,2,2,1.9491,0.1458670988654781,0.1458670988654781,0.050899999999999945
Lewis Holtby,Eredivisie,M,1617,1,5,1.6967,0.05565862708719852,0.2782931354359926,-0.6967000000000001
Maximilien Balard,Eredivisie,M,2163,0,1,0.5799,0.0,0.041608876560332866,-0.5799
Raul Paula,Eredivisie,M,366,2,1,0.7873,0.4918032786885246,0.2459016393442623,1.2127
Fredrik Jensen,Eredivisie,M,292,0,0,0.0903,0.0,0.0,-0.0903
Clint Leemans,Eredivisie,M,774,1,0,1.4773,0.11627906976744186,0.0,-0.47730000000000006
Denis Odoi,Eredivisie,D,890,0,0,0.3752,0.0,0.0,-0.3752
Leo Greiml,Eredivisie,D,1045,1,0,0.5395,0.0861244019138756,0.0,0.4605
Cherrion Valerius,Eredivisie,D,1550,0,0,0.9692,0.0,0.0,-0.9692
Enes Mahmutović,Eredivisie,D,511,0,0,0.4792,0.0,0.0,-0.4792
Boy Kemper,Eredivisie,D,2191,3,3,1.9701,0.12323140118667276,0.12323140118667276,1.0299
Rio Hillen,Eredivisie,D,1665,0,1,1.7835,0.0,0.05405405405405405,-1.7835
Jayden Candelaria,Eredivisie,D,106,0,0,0.2426,0.0,0.0,-0.2426
Boyd Lucassen,Eredivisie,D,1071,1,0,0.6972,0.08403361344537816,0.0,0.30279999999999996
Daniel Bielica,Eredivisie,G,2250,0,0,,0.0,0.0,
Kostas Lamprou,Eredivisie,G,90,0,0,,0.0,0.0,
Luka Kulenović,Eredivisie,F,1325,5,3,6.3585,0.33962264150943394,0.2037735849056604,-1.3585000000000003
Yvandro Borges Sanches,Eredivisie,F,515,2,0,0.3245,0.34951456310679613,0.0,1.6755
Lequincio Zeefuik,Eredivisie,F,832,2,0,3.1578,0.21634615384615385,0.0,-1.1578
Sil Blokhuis,Eredivisie,F,8,0,0,,0.0,0.0,
Naci Ünüvar,Eredivisie,M,647,2,1,3.1765,0.2782071097372488,0.1391035548686244,-1.1764999999999999
Jeff Reine-Adélaïde,Eredivisie,M,32,0,0,,0.0,0.0,
Ajdin Hrustić,Eredivisie,M,1952,1,6,2.1573,0.04610655737704918,0.2766393442622951,-1.1573000000000002
Walid Ould-Chikh,Eredivisie,M,1192,1,4,0.2648,0.07550335570469799,0.30201342281879195,0.7352000000000001
Bryan Limbombe,Eredivisie,M,1273,1,3,0.8279,0.07069913589945012,0.21209740769835037,0.17210000000000003
Erik Ahlstrand,Eredivisie,M,361,0,1,0.1136,0.0,0.24930747922437674,-0.1136
Sem Scheperman,Eredivisie,M,595,0,1,0.4644,0.0,0.1512605042016807,-0.4644
Tristan van Gilst,Eredivisie,M,782,1,0,1.2145,0.11508951406649617,0.0,-0.2144999999999999
Jan Žambůrek,Eredivisie,M,1390,0,1,0.5533,0.0,0.06474820143884892,-0.5533
Rhys Bozinovski,Eredivisie,M,215,0,0,0.0478,0.0,0.0,-0.0478
Mario Engels,Eredivisie,M,571,0,2,1.2722,0.0,0.3152364273204904,-1.2722
Thomas Bruns,Eredivisie,M,857,1,0,0.9891,0.10501750291715285,0.0,0.01090000000000002
Mimeirhel Benita,Eredivisie,D,1016,0,0,0.3899,0.0,0.0,-0.3899
Djevencio van der Kust,Eredivisie,D,903,0,2,0.017,0.0,0.19933554817275748,-0.017
Ivan Mesík,Eredivisie,D,2240,2,0,1.7933,0.08035714285714285,0.0,0.2067000000000001
Alec Van Hoorenbeeck,Eredivisie,D,1616,2,0,2.5355,0.11138613861386139,0.0,-0.5354999999999999
Sava Arangel Čestić,Eredivisie,D,180,0,0,0.2608,0.0,0.0,-0.2608
Damon Mirani,Eredivisie,D,2213,3,0,1.2592,0.12200632625395391,0.0,1.7408
Mike te Wierik,Eredivisie,D,1244,1,0,0.6433,0.07234726688102894,0.0,0.3567
Jannes Wieckhoff,Eredivisie,D,638,0,0,0.1131,0.0,0.0,-0.1131
Jop Tijink,Eredivisie,D,8,0,0,,0.0,0.0,
Remko Pasveer,Eredivisie,G,900,0,0,,0.0,0.0,
Fabian de Keijzer,Eredivisie,G,720,0,0,,0.0,0.0,
Timo Jansink,Eredivisie,G,1080,0,0,,0.0,0.0,
Samu Aghehowa,Liga Portugal,F,1414,13,1,11.9222,0.8274398868458275,0.06364922206506365,1.0777999999999999
Luuk de Jong,Liga Portugal,F,262,1,0,1.256,0.34351145038167935,0.0,-0.256
Pepê,Liga Portugal,F,1652,2,4,2.6784,0.1089588377723971,0.2179176755447942,-0.6783999999999999
William Gomes,Liga Portugal,F,900,6,1,4.3459,0.6000000000000001,0.1,1.6540999999999997
Deniz Gül,Liga Portugal,F,585,2,0,1.9542,0.3076923076923077,0.0,0.04580000000000006
Terem Moffi,Liga Portugal,F,71,1,0,0.6276,1.267605633802817,0.0,0.37239999999999995
Borja Sainz,Liga Portugal,F,1369,5,2,4.2413,0.32870708546384225,0.13148283418553688,0.7587000000000002
Yann Karamoh,Liga Portugal,F,18,0,0,,0.0,0.0,
André Miranda,Liga Portugal,F,16,0,0,,0.0,0.0,
Rodrigo Mora,Liga Portugal,M,851,1,1,1.7982,0.10575793184488837,0.10575793184488837,-0.7982
Seko Fofana,Liga Portugal,M,117,1,0,0.3872,0.7692307692307693,0.0,0.6128
Oskar Pietuszewski,Liga Portugal,M,301,2,1,1.6983,0.5980066445182725,0.29900332225913623,0.3017000000000001
Alan Varela,Liga Portugal,M,1690,2,0,1.7929,0.10650887573964497,0.0,0.20710000000000006
Gabri Veiga,Liga Portugal,M,1188,1,6,3.2363,0.07575757575757576,0.4545454545454546,-2.2363
Victor Froholdt,Liga Portugal,M,2132,4,4,4.1136,0.16885553470919323,0.16885553470919323,-0.11359999999999992
Pablo Rosario,Liga Portugal,M,1093,2,1,1.6037,0.16468435498627632,0.08234217749313816,0.3963000000000001
Thiago Silva,Liga Portugal,D,368,0,0,0.1287,0.0,0.0,-0.1287
Jakub Kiwior,Liga Portugal,D,1593,0,1,0.909,0.0,0.056497175141242945,-0.909
Jan Bednarek,Liga Portugal,D,1970,1,0,0.403,0.045685279187817264,0.0,0.597
Nehuén Pérez,Liga Portugal,D,364,1,0,0.3772,0.24725274725274726,0.0,0.6228
Alberto Costa,Liga Portugal,D,1621,0,6,0.967,0.0,0.33312769895126465,-0.967
Zaidu Sanusi,Liga Portugal,D,617,1,1,1.142,0.1458670988654781,0.1458670988654781,-0.1419999999999999
Dominik Prpić,Liga Portugal,D,89,0,0,,0.0,0.0,
Martim Fernandes,Liga Portugal,D,829,1,0,0.052,0.10856453558504221,0.0,0.948
Francisco Moura,Liga Portugal,D,1140,2,2,0.6882,0.15789473684210525,0.15789473684210525,1.3117999999999999
Diogo Costa,Liga Portugal,G,2205,0,0,,0.0,0.0,
Cláudio Ramos,Liga Portugal,G,45,0,0,,0.0,0.0,
Luis Javier Suárez,Liga Portugal,F,2044,23,4,18.6452,1.0127201565557729,0.1761252446183953,4.354800000000001
Francisco Trincão,Liga Portugal,F,2112,5,10,5.9201,0.21306818181818182,0.42613636363636365,-0.9200999999999997
Fotis Ioannidis,Liga Portugal,F,464,3,0,1.951,0.5818965517241379,0.0,1.049
Rafael Nel,Liga Portugal,F,14,0,0,,0.0,0.0,
Geovany Quenda,Liga Portugal,M,661,1,4,1.494,0.1361573373676248,0.5446293494704992,-0.494
Geny Catamo,Liga Portugal,M,1318,5,2,1.8204,0.34142640364188165,0.13657056145675267,3.1795999999999998
Pedro Gonçalves,Liga Portugal,M,1342,10,6,6.4902,0.6706408345752608,0.40238450074515647,3.5098000000000003
Luis Guilherme,Liga Portugal,M,477,0,0,1.1496,0.0,0.0,-1.1496
Morten Hjulmand,Liga Portugal,M,1943,2,3,1.9344,0.09264024704065878,0.13896037056098817,0.0656000000000001
Giorgi Kochorashvili,Liga Portugal,M,498,0,1,0.6848,0.0,0.18072289156626503,-0.6848
Maximiliano Araújo,Liga Portugal,M,1614,4,3,4.8026,0.22304832713754646,0.16728624535315983,-0.8026
Hidemasa Morita,Liga Portugal,M,1220,0,1,0.3042,0.0,0.07377049180327869,-0.3042
João Simões,Liga Portugal,M,738,0,1,0.8107,0.0,0.12195121951219512,-0.8107
Daniel Bragança,Liga Portugal,M,93,3,0,0.6532,2.903225806451613,0.0,2.3468
Nuno Santos,Liga Portugal,M,12,0,1,,0.0,7.5,
Souleymane Faye,Liga Portugal,M,73,0,0,0.0731,0.0,0.0,-0.0731
Gonçalo Inácio,Liga Portugal,D,2082,1,3,0.6079,0.043227665706051875,0.12968299711815562,0.3921
Ousmane Diomande,Liga Portugal,D,1048,0,0,0.8163,0.0,0.0,-0.8163
Zeno Debast,Liga Portugal,D,685,0,0,0.3147,0.0,0.0,-0.3147
Giorgos Vagiannidis,Liga Portugal,D,826,0,3,0.826,0.0,0.3268765133171913,-0.826
Eduardo Quaresma,Liga Portugal,D,495,1,1,0.1181,0.18181818181818182,0.18181818181818182,0.8819
Iván Fresneda,Liga Portugal,D,1487,1,0,0.8537,0.0605245460659045,0.0,0.14629999999999999
Ricardo Mangas,Liga Portugal,D,724,2,1,1.6923,0.24861878453038672,0.12430939226519336,0.3077000000000001
Rui Silva,Liga Portugal,G,2070,0,0,,0.0,0.0,
João Virgínia,Liga Portugal,G,180,0,0,,0.0,0.0,
Vangelis Pavlidis,Liga Portugal,F,2121,20,4,17.5377,0.8486562942008488,0.16973125884016974,2.462299999999999
Andreas Schjelderup,Liga Portugal,F,1036,4,2,3.1638,0.3474903474903475,0.17374517374517376,0.8361999999999998
Franjo Ivanović,Liga Portugal,F,601,3,1,3.5728,0.4492512479201331,0.1497504159733777,-0.5728
Bruma,Liga Portugal,F,21,0,0,0.1023,0.0,0.0,-0.1023
Anísio Cabral,Liga Portugal,F,38,2,0,0.2843,4.7368421052631575,0.0,1.7157
Henrique Araújo,Liga Portugal,F,29,0,0,0.1634,0.0,0.0,-0.1634
Rodrigo Rego,Liga Portugal,F,112,0,0,0.2909,0.0,0.0,-0.2909
Richard Ríos,Liga Portugal,M,1571,0,1,3.8729,0.0,0.057288351368555056,-3.8729
Gianluca Prestianni,Liga Portugal,M,1018,2,1,2.1918,0.1768172888015717,0.08840864440078584,-0.1918000000000002
Rafa Silva,Liga Portugal,M,452,1,0,1.5939,0.19911504424778761,0.0,-0.5939000000000001
Enzo Barrenechea,Liga Portugal,M,1590,1,0,0.6626,0.056603773584905655,0.0,0.33740000000000003
Georgiy Sudakov,Liga Portugal,M,1307,4,1,2.4578,0.2754399387911247,0.06885998469778118,1.5421999999999998
Dodi Lukebakio,Liga Portugal,M,487,0,3,1.3557,0.0,0.5544147843942505,-1.3557
Fredrik Aursnes,Liga Portugal,M,1842,3,3,2.3613,0.1465798045602606,0.1465798045602606,0.6387
Leandro Barreiro,Liga Portugal,M,1134,2,3,1.3019,0.15873015873015872,0.23809523809523808,0.6980999999999999
João Rêgo,Liga Portugal,M,78,1,0,0.4589,1.1538461538461537,0.0,0.5411
Manuel Silva,Liga Portugal,M,118,0,0,0.2813,0.0,0.0,-0.2813
João Veloso,Liga Portugal,M,2,0,0,,0.0,0.0,
Diogo Prioste,Liga Portugal,M,25,0,0,,0.0,0.0,
Nicolás Otamendi,Liga Portugal,D,2100,2,0,0.8218,0.08571428571428572,0.0,1.1782
António Silva,Liga Portugal,D,1330,1,0,0.7182,0.06766917293233084,0.0,0.28180000000000005
Amar Dedić,Liga Portugal,D,1472,1,3,0.631,0.06114130434782609,0.18342391304347824,0.369
Tomás Araújo,Liga Portugal,D,1246,1,1,0.9894,0.07223113964686999,0.07223113964686999,0.010600000000000054
Alexander Bah,Liga Portugal,D,96,1,0,0.5159,0.9375,0.0,0.4841
Samuel Dahl,Liga Portugal,D,2052,1,1,0.4762,0.043859649122807015,0.043859649122807015,0.5238
Sidny Lopes Cabral,Liga Portugal,D,1667,6,5,4.5274,0.3239352129574085,0.2699460107978405,1.4726
Daniel Banjaqui,Liga Portugal,D,153,0,0,0.1723,0.0,0.0,-0.1723
José Neto,Liga Portugal,D,94,0,0,0.0802,0.0,0.0,-0.0802
Anatoliy Trubin,Liga Portugal,G,2070,0,0,,0.0,0.0,
Samuel Soares,Liga Portugal,G,180,0,0,,0.0,0.0,
Pau Víctor,Liga Portugal,F,1648,6,4,7.4569,0.3276699029126214,0.21844660194174756,-1.4569
Ricardo Horta,Liga Portugal,F,1659,13,4,9.249,0.705244122965642,0.21699819168173598,3.7509999999999994
Amine El Ouazzani,Liga Portugal,F,574,2,0,2.9618,0.313588850174216,0.0,-0.9618000000000002
Fran Navarro,Liga Portugal,F,739,4,0,4.1497,0.4871447902571042,0.0,-0.14970000000000017
Sandro Vidigal,Liga Portugal,F,61,0,0,0.0565,0.0,0.0,-0.0565
Gabriel Moscardo,Liga Portugal,M,384,0,0,0.3065,0.0,0.0,-0.3065
Jean-Baptiste Gorby,Liga Portugal,M,1350,0,0,0.4232,0.0,0.0,-0.4232
Rodrigo Zalazar,Liga Portugal,M,1717,14,4,11.0099,0.7338380896913221,0.20966802562609202,2.9901
Demir Ege Tıknaz,Liga Portugal,M,50,0,0,,0.0,0.0,
João Moutinho,Liga Portugal,M,1548,1,1,2.3442,0.05813953488372093,0.05813953488372093,-1.3441999999999998
Mario Dorgeles,Liga Portugal,M,673,1,0,0.9941,0.1337295690936107,0.0,0.005900000000000016
Florian Grillitsch,Liga Portugal,M,927,1,1,0.6788,0.09708737864077668,0.09708737864077668,0.32120000000000004
Gabriel Martínez,Liga Portugal,M,1030,0,2,2.2005,0.0,0.17475728155339806,-2.2005
Leonardo Lelo,Liga Portugal,M,1357,0,4,0.375,0.0,0.26529108327192336,-0.375
Diego Rodrigues,Liga Portugal,M,789,1,2,0.3214,0.11406844106463877,0.22813688212927755,0.6786
Yanis da Rocha,Liga Portugal,M,21,0,0,,0.0,0.0,
Sikou Niakaté,Liga Portugal,D,785,0,0,1.4375,0.0,0.0,-1.4375
Adrian Leon Barišić,Liga Portugal,D,452,0,0,0.0992,0.0,0.0,-0.0992
Bright Arrey-Mbi,Liga Portugal,D,1568,0,0,0.0282,0.0,0.0,-0.0282
Gustaf Lagerbielke,Liga Portugal,D,1761,2,0,1.6936,0.10221465076660988,0.0,0.3064
Vítor Carvalho,Liga Portugal,D,717,2,0,1.1711,0.2510460251046025,0.0,0.8289
Victor Gómez,Liga Portugal,D,1853,1,3,1.1326,0.048569886670264434,0.1457096600107933,-0.13260000000000005
Paulo Oliveira,Liga Portugal,D,537,0,0,0.0816,0.0,0.0,-0.0816
Lukáš Horníček,Liga Portugal,G,2250,0,0,,0.0,0.0,
Héctor Hernández,Liga Portugal,F,178,2,1,0.9633,1.0112359550561798,0.5056179775280899,1.0367
Gustavo Varela,Liga Portugal,F,902,4,2,5.4755,0.3991130820399113,0.19955654101995565,-1.4755000000000003
Carlos Eduardo,Liga Portugal,F,253,1,0,0.4959,0.3557312252964427,0.0,0.5041
Joelson Fernandes,Liga Portugal,M,876,1,2,1.3709,0.10273972602739725,0.2054794520547945,-0.3709
Facundo Cáseres,Liga Portugal,M,1689,0,0,0.4411,0.0,0.0,-0.4411
Luís Esteves,Liga Portugal,M,2008,3,6,3.2221,0.1344621513944223,0.2689243027888446,-0.2221000000000002
Murilo Souza,Liga Portugal,M,1800,7,4,7.3916,0.35,0.2,-0.3916000000000004
Mohamed Bamba,Liga Portugal,M,94,0,0,,0.0,0.0,
Santi García,Liga Portugal,M,1965,6,2,3.7422,0.2748091603053435,0.0916030534351145,2.2578
Tidjany Touré,Liga Portugal,M,507,0,0,1.0302,0.0,0.0,-1.0302
Zé Carlos,Liga Portugal,M,827,0,0,0.215,0.0,0.0,-0.215
Martin Fernández,Liga Portugal,M,501,1,1,0.5313,0.17964071856287422,0.17964071856287422,0.4687
Agustín Moreira,Liga Portugal,M,496,0,1,0.9072,0.0,0.1814516129032258,-0.9072
Rodrigo Rodrigues,Liga Portugal,M,46,0,0,0.0582,0.0,0.0,-0.0582
Sergio Bermejo,Liga Portugal,M,378,0,0,0.4739,0.0,0.0,-0.4739
Gonçalo Maia Pereira,Liga Portugal,M,11,0,0,,0.0,0.0,
Ghislain Konan,Liga Portugal,D,1974,0,0,0.5224,0.0,0.0,-0.5224
Jonathan Buatu,Liga Portugal,D,1935,1,1,1.4931,0.046511627906976744,0.046511627906976744,-0.4931000000000001
Hevertton Santos,Liga Portugal,D,698,0,1,0.0976,0.0,0.12893982808022922,-0.0976
Marvin Elimbi,Liga Portugal,D,1956,0,0,0.6057,0.0,0.0,-0.6057
Zé Carlos,Liga Portugal,D,1836,0,0,0.3425,0.0,0.0,-0.3425
Antonio Espigares,Liga Portugal,D,659,1,0,0.2579,0.13657056145675267,0.0,0.7421
Jonathan Mutombo,Liga Portugal,D,38,0,0,,0.0,0.0,
Lucão,Liga Portugal,G,540,0,0,,0.0,0.0,
Daniel Figueira,Liga Portugal,G,210,0,0,,0.0,0.0,
Antoine Joujou,Liga Portugal,F,581,3,1,1.9587,0.4647160068846816,0.1549053356282272,1.0413
Romeo Beney,Liga Portugal,F,144,0,0,0.4493,0.0,0.0,-0.4493
Umar Abubakar,Liga Portugal,F,354,1,0,1.9548,0.2542372881355932,0.0,-0.9548000000000001
Simon Elisor,Liga Portugal,F,1310,1,2,4.0107,0.06870229007633588,0.13740458015267176,-3.0107
Gustavo Sá,Liga Portugal,M,2040,4,1,3.93,0.1764705882352941,0.044117647058823525,0.06999999999999984
Sorriso,Liga Portugal,M,2021,3,3,5.8652,0.13359722909450766,0.13359722909450766,-2.8651999999999997
Gil Dias,Liga Portugal,M,1753,3,6,3.414,0.1540216771249287,0.3080433542498574,-0.41400000000000015
Pedro Santos,Liga Portugal,M,502,1,2,0.9697,0.17928286852589642,0.35856573705179284,0.030299999999999994
Mathias De Amorim,Liga Portugal,M,1796,3,1,2.2046,0.15033407572383073,0.05011135857461024,0.7953999999999999
Otar Mamageishvili,Liga Portugal,M,144,0,0,0.5342,0.0,0.0,-0.5342
Rochinha,Liga Portugal,M,13,0,0,,0.0,0.0,
Tom Van De Looi,Liga Portugal,M,1952,0,0,0.6547,0.0,0.0,-0.6547
Gonzalo Pastor,Liga Portugal,M,35,0,0,,0.0,0.0,
Marcos Peña,Liga Portugal,M,304,0,0,0.018,0.0,0.0,-0.018
Gustavo García,Liga Portugal,D,483,0,0,0.0089,0.0,0.0,-0.0089
Léo Realpe,Liga Portugal,D,1416,1,0,1.0209,0.0635593220338983,0.0,-0.02089999999999992
Pedro Bondo,Liga Portugal,D,1179,0,0,0.2004,0.0,0.0,-0.2004
Justin De Haas,Liga Portugal,D,1980,3,0,1.7817,0.13636363636363635,0.0,1.2183
Ibrahima Ba,Liga Portugal,D,1132,0,1,0.2234,0.0,0.07950530035335689,-0.2234
Rodrigo Pinheiro,Liga Portugal,D,1851,2,2,0.4088,0.09724473257698542,0.09724473257698542,1.5912
Rafa Soares,Liga Portugal,D,898,0,1,0.1141,0.0,0.10022271714922049,-0.1141
Lazar Carević,Liga Portugal,G,2250,0,0,,0.0,0.0,
Luís Semedo,Liga Portugal,F,717,2,0,2.3741,0.2510460251046025,0.0,-0.3740999999999999
Yan Maranhão,Liga Portugal,F,548,1,1,3.1118,0.16423357664233576,0.16423357664233576,-2.1118
Vasco Sousa,Liga Portugal,M,462,1,0,1.3252,0.19480519480519481,0.0,-0.32519999999999993
Jimi Gower,Liga Portugal,M,42,0,0,,0.0,0.0,
Alan,Liga Portugal,M,2062,3,5,1.9427,0.1309408341416101,0.21823472356935017,1.0573
Mateja Stjepanović,Liga Portugal,M,1860,1,0,0.4764,0.04838709677419355,0.0,0.5236000000000001
Nile John,Liga Portugal,M,122,0,0,0.1216,0.0,0.0,-0.1216
Landerson,Liga Portugal,M,858,0,2,0.6471,0.0,0.2097902097902098,-0.6471
Kiko Bondoso,Liga Portugal,M,1369,0,3,0.3275,0.0,0.19722425127830534,-0.3275
Cedric Teguia,Liga Portugal,M,722,0,0,0.463,0.0,0.0,-0.463
Afonso Assis,Liga Portugal,M,587,1,0,1.1558,0.15332197614991483,0.0,-0.15579999999999994
Rodrigo Alonso,Liga Portugal,M,891,2,2,0.5908,0.20202020202020204,0.20202020202020204,1.4092
Leandro Santos,Liga Portugal,D,124,0,0,,0.0,0.0,
Michel Augusto,Liga Portugal,D,301,0,0,,0.0,0.0,
Diogo Travassos,Liga Portugal,D,1627,4,3,1.9116,0.2212661339889367,0.16594960049170251,2.0884
Dinis Pinto,Liga Portugal,D,2013,1,6,0.8107,0.044709388971684055,0.26825633383010433,0.18930000000000002
Kiko,Liga Portugal,D,1355,1,0,0.5512,0.06642066420664207,0.0,0.4488
Gilberto Batista,Liga Portugal,D,1250,0,0,0.1895,0.0,0.0,-0.1895
Maracás,Liga Portugal,D,1964,3,0,0.4934,0.13747454175152748,0.0,2.5066
Álvaro Martínez,Liga Portugal,D,790,0,0,,0.0,0.0,
Kevyn Monteiro,Liga Portugal,D,36,0,0,,0.0,0.0,
André Ferreira,Liga Portugal,G,1440,0,0,,0.0,0.0,
Caio,Liga Portugal,G,810,0,0,,0.0,0.0,
Rafik Guitane,Liga Portugal,F,1414,3,5,1.4483,0.19094766619519093,0.31824611032531824,1.5517
Yanis Begraoui,Liga Portugal,F,1957,17,1,11.2984,0.7818088911599387,0.045988758303525806,5.701599999999999
Alejandro Marqués,Liga Portugal,F,1008,4,0,4.7089,0.3571428571428571,0.0,-0.7088999999999999
João Carvalho,Liga Portugal,F,2070,6,9,3.7471,0.2608695652173913,0.391304347826087,2.2529
Khayon Edwards,Liga Portugal,F,11,0,0,,0.0,0.0,
André Lacximicant,Liga Portugal,F,842,2,1,2.9678,0.2137767220902613,0.10688836104513065,-0.9678
Peixinho,Liga Portugal,F,107,0,0,0.5773,0.0,0.0,-0.5773
Pizzi,Liga Portugal,M,480,0,4,0.0362,0.0,0.75,-0.0362
Nodar Lominadze,Liga Portugal,M,620,2,0,0.7727,0.2903225806451613,0.0,1.2273
Jordan Holsgrove,Liga Portugal,M,2095,1,6,0.7957,0.042959427207637235,0.2577565632458234,0.20430000000000004
Xeka,Liga Portugal,M,42,0,0,,0.0,0.0,
Jandro Orellana,Liga Portugal,M,1004,0,1,0.2651,0.0,0.08964143426294821,-0.2651
Ferro,Liga Portugal,D,1132,1,0,0.5163,0.07950530035335689,0.0,0.4837
Kévin Boma,Liga Portugal,D,1659,1,0,1.1656,0.054249547920433995,0.0,-0.16559999999999997
Antef Tsoungui,Liga Portugal,D,680,0,0,0.23,0.0,0.0,-0.23
Ricard Sánchez,Liga Portugal,D,1281,2,3,2.3934,0.1405152224824356,0.2107728337236534,-0.3934000000000002
Felix Bacher,Liga Portugal,D,2250,1,0,1.1998,0.04,0.0,-0.19979999999999998
Pedro Amaral,Liga Portugal,D,1347,0,2,0.3713,0.0,0.13363028953229397,-0.3713
Gonçalo Costa,Liga Portugal,D,435,0,0,0.2897,0.0,0.0,-0.2897
Or Israelov,Liga Portugal,D,17,0,0,,0.0,0.0,
Pedro Carvalho,Liga Portugal,D,970,0,1,0.782,0.0,0.09278350515463918,-0.782
Joel Robles,Liga Portugal,G,2250,0,0,,0.0,0.0,
Alioune Ndoye,Liga Portugal,F,888,2,1,3.9489,0.20270270270270271,0.10135135135135136,-1.9489
Nélson Oliveira,Liga Portugal,F,1148,3,0,3.0037,0.23519163763066203,0.0,-0.0036999999999998145
Ejike Opara,Liga Portugal,F,8,0,0,,0.0,0.0,
Oumar Camara,Liga Portugal,M,1097,4,1,3.4016,0.3281677301731996,0.0820419325432999,0.5983999999999998
Beni Mukendi,Liga Portugal,M,1536,1,0,0.5698,0.05859375,0.0,0.4302
Telmo Arcanjo,Liga Portugal,M,1026,1,0,0.7226,0.08771929824561403,0.0,0.2774
Fabio Blanco,Liga Portugal,M,392,0,0,0.3844,0.0,0.0,-0.3844
Gustavo Silva,Liga Portugal,M,861,2,1,3.0839,0.20905923344947736,0.10452961672473868,-1.0838999999999999
Matija Mitrović,Liga Portugal,M,719,2,0,0.6763,0.25034770514603616,0.0,1.3237
Samu,Liga Portugal,M,1281,4,2,3.9993,0.2810304449648712,0.1405152224824356,0.000700000000000145
Noah Saviolo,Liga Portugal,M,1436,2,3,1.7766,0.12534818941504178,0.1880222841225627,0.22340000000000004
Diogo Sousa,Liga Portugal,M,849,1,1,1.0756,0.10600706713780918,0.10600706713780918,-0.07559999999999989
Gonçalo Nogueira,Liga Portugal,M,855,0,2,0.7908,0.0,0.2105263157894737,-0.7908
Miguel Nogueira,Liga Portugal,M,351,0,0,0.8338,0.0,0.0,-0.8338
Tony Strata,Liga Portugal,D,841,0,1,0.1885,0.0,0.1070154577883472,-0.1885
João Mendes,Liga Portugal,D,1820,0,1,0.5397,0.0,0.04945054945054945,-0.5397
Miguel Maga,Liga Portugal,D,1329,0,0,0.0417,0.0,0.0,-0.0417
Orest Lebedenko,Liga Portugal,D,457,0,0,0.4989,0.0,0.0,-0.4989
Rodrigo Abascal,Liga Portugal,D,1996,1,2,0.8781,0.04509018036072144,0.09018036072144288,0.12190000000000001
Miguel Nóbrega,Liga Portugal,D,1000,1,0,0.6751,0.09,0.0,0.32489999999999997
Óscar Rivas,Liga Portugal,D,990,1,0,0.8862,0.09090909090909091,0.0,0.11380000000000001
Thiago Balieiro,Liga Portugal,D,450,1,0,0.5139,0.2,0.0,0.4861
Juan Castillo,Liga Portugal,G,1350,0,0,,0.0,0.0,
Charles,Liga Portugal,G,900,0,0,,0.0,0.0,
Figueiredo,Liga Portugal,F,1160,3,1,3.353,0.23275862068965517,0.07758620689655173,-0.3530000000000002
Chiquinho,Liga Portugal,F,819,1,1,1.6815,0.10989010989010989,0.10989010989010989,-0.6815
Marko Milovanović,Liga Portugal,F,1414,7,1,6.8,0.44554455445544555,0.06364922206506365,0.20000000000000018
Felipe Lima,Liga Portugal,F,43,0,0,0.0666,0.0,0.0,-0.0666
Cédric Nuozzi,Liga Portugal,F,866,1,0,1.1513,0.10392609699769052,0.0,-0.1513
Sandro Lima,Liga Portugal,F,744,3,2,3.0422,0.3629032258064516,0.24193548387096775,-0.04219999999999979
Stéphane Diarra,Liga Portugal,F,30,0,0,,0.0,0.0,
Fabrício Garcia,Liga Portugal,F,263,1,0,0.8418,0.34220532319391633,0.0,0.1582
Mathis Clairicia,Liga Portugal,F,94,0,0,0.4571,0.0,0.0,-0.4571
Lincoln,Liga Portugal,M,1606,2,3,3.9611,0.11207970112079702,0.16811955168119552,-1.9611
Nabil Touaizi,Liga Portugal,M,2016,1,3,1.4546,0.04464285714285714,0.13392857142857142,-0.4545999999999999
Rhaldney,Liga Portugal,M,289,0,0,0.0282,0.0,0.0,-0.0282
Sabit Abdulai,Liga Portugal,M,1176,0,1,0.2396,0.0,0.07653061224489796,-0.2396
Davy Gui,Liga Portugal,M,415,1,1,1.0982,0.2168674698795181,0.2168674698795181,-0.09820000000000007
Vasco Moreira,Liga Portugal,M,366,0,0,,0.0,0.0,
Tomás Mendes,Liga Portugal,M,312,0,1,0.0369,0.0,0.28846153846153844,-0.0369
Kaiky Naves,Liga Portugal,D,2026,0,0,1.3928,0.0,0.0,-1.3928
Bastien Meupiyou,Liga Portugal,D,1901,0,0,0.8799,0.0,0.0,-0.8799
Julián Jose Martinez,Liga Portugal,D,671,0,0,0.2283,0.0,0.0,-0.2283
Diogo Spencer,Liga Portugal,D,1085,1,2,0.3116,0.08294930875576037,0.16589861751152074,0.6884
Francisco Chissumba,Liga Portugal,D,1523,0,0,1.0564,0.0,0.0,-1.0564
Sergi Gómez,Liga Portugal,D,1796,0,0,0.3632,0.0,0.0,-0.3632
Steven Baseya,Liga Portugal,D,390,0,0,0.0803,0.0,0.0,-0.0803
Isaac James,Liga Portugal,D,697,0,1,0.164,0.0,0.1291248206599713,-0.164
André Gomes,Liga Portugal,G,2070,0,0,,0.0,0.0,
Matheus Mendes,Liga Portugal,G,180,0,0,,0.0,0.0,
Ivan Barbero,Liga Portugal,F,1275,5,1,4.0435,0.3529411764705882,0.07058823529411765,0.9565000000000001
Dylan Nandín,Liga Portugal,F,822,1,0,1.5865,0.10948905109489052,0.0,-0.5865
Brian Mansilla,Liga Portugal,F,324,0,0,0.201,0.0,0.0,-0.201
Miguel Puche,Liga Portugal,F,683,0,1,0.4255,0.0,0.13177159590043924,-0.4255
Taichi Fukui,Liga Portugal,M,1777,2,2,0.5567,0.10129431626336523,0.10129431626336523,1.4433
Hyun-ju Lee,Liga Portugal,M,1456,5,3,3.0254,0.3090659340659341,0.18543956043956045,1.9746000000000001
Naïs Djouahra,Liga Portugal,M,2006,6,2,1.9634,0.2691924227318046,0.08973080757726819,4.0366
Alfonso Trezza,Liga Portugal,M,1899,8,2,4.9844,0.3791469194312796,0.0947867298578199,3.0156
Yellu Santiago,Liga Portugal,M,23,0,0,,0.0,0.0,
Mateo Flores,Liga Portugal,M,107,0,0,,0.0,0.0,
Espen Van Ee,Liga Portugal,M,1126,1,1,0.5006,0.07992895204262877,0.07992895204262877,0.49939999999999996
Pablo Gozálbez,Liga Portugal,M,552,0,1,1.5154,0.0,0.16304347826086957,-1.5154
Pedro Santos,Liga Portugal,M,696,0,0,0.0307,0.0,0.0,-0.0307
Omar Fayed,Liga Portugal,D,499,0,0,0.0412,0.0,0.0,-0.0412
Amadou Dante,Liga Portugal,D,792,0,0,0.2952,0.0,0.0,-0.2952
Javi Sánchez,Liga Portugal,D,563,0,0,0.1332,0.0,0.0,-0.1332
Diogo Monteiro,Liga Portugal,D,197,0,0,,0.0,0.0,
José Silva,Liga Portugal,D,24,0,0,,0.0,0.0,
Bas Kuipers,Liga Portugal,D,597,0,1,0.5013,0.0,0.15075376884422112,-0.5013
Boris Popović,Liga Portugal,D,1147,1,0,0.7609,0.07846556233653008,0.0,0.23909999999999998
Jose Fontán,Liga Portugal,D,1825,1,3,0.7824,0.049315068493150684,0.14794520547945206,0.21760000000000002
Matías Rocha,Liga Portugal,D,700,0,0,0.0985,0.0,0.0,-0.0985
Tiago Esgaio,Liga Portugal,D,1743,1,2,0.5548,0.05163511187607572,0.10327022375215145,0.44520000000000004
Ignacio de Arruabarrena,Liga Portugal,G,720,0,0,,0.0,0.0,
João Valido,Liga Portugal,G,810,0,0,,0.0,0.0,
Billal Brahimi,Liga Portugal,F,89,0,0,,0.0,0.0,
Jovane Cabral,Liga Portugal,F,1255,5,0,2.7067,0.35856573705179284,0.0,2.2933
Sydney van Hooijdonk,Liga Portugal,F,205,1,0,1.015,0.43902439024390244,0.0,-0.014999999999999902
Ianis Stoica,Liga Portugal,F,1053,2,2,2.7003,0.17094017094017094,0.17094017094017094,-0.7002999999999999
Leandro Antonetti,Liga Portugal,F,273,0,0,0.2117,0.0,0.0,-0.2117
Rodrigo Pinho,Liga Portugal,F,577,1,1,1.8613,0.1559792027729636,0.1559792027729636,-0.8613
Jorge Meireles,Liga Portugal,F,688,0,2,0.2888,0.0,0.2616279069767442,-0.2888
Abraham Marcus,Liga Portugal,M,1773,4,3,2.8813,0.20304568527918784,0.15228426395939085,1.1187
Eddy Doué,Liga Portugal,M,348,0,0,,0.0,0.0,
Robson Lucas Oliveira Botelho,Liga Portugal,M,580,0,0,0.0752,0.0,0.0,-0.0752
Alex Sola,Liga Portugal,M,501,0,0,0.1713,0.0,0.0,-0.1713
Paulo Moreira,Liga Portugal,M,1977,3,2,1.2649,0.13657056145675267,0.09104704097116845,1.7351
Tom Moustier,Liga Portugal,M,172,0,0,0.0941,0.0,0.0,-0.0941
Kevin Höög Jansson,Liga Portugal,M,295,0,0,0.0721,0.0,0.0,-0.0721
Alisson Souza de Jesus,Liga Portugal,M,73,0,0,0.6379,0.0,0.0,-0.6379
Bruno Langa,Liga Portugal,D,135,0,0,,0.0,0.0,
Jefferson Encada,Liga Portugal,D,1278,0,2,0.0334,0.0,0.14084507042253522,-0.0334
Luan Patrick,Liga Portugal,D,2079,0,0,0.0299,0.0,0.0,-0.0299
Bernardo Schappo,Liga Portugal,D,1766,0,0,0.6467,0.0,0.0,-0.6467
Issiar Drame,Liga Portugal,D,8,0,0,,0.0,0.0,
Max Scholze,Liga Portugal,D,149,0,0,,0.0,0.0,
Yahya Kalley,Liga Portugal,D,38,0,0,,0.0,0.0,
Otavio,Liga Portugal,D,1011,0,1,0.1238,0.0,0.08902077151335311,-0.1238
Renan Ribeiro,Liga Portugal,G,2250,0,0,,0.0,0.0,
Dailon Rocha Livramento,Liga Portugal,F,647,0,0,1.3248,0.0,0.0,-1.3248
Cassiano,Liga Portugal,F,1450,5,0,6.404,0.3103448275862069,0.0,-1.404
Jérémy Livolant,Liga Portugal,F,2159,3,7,4.8124,0.12505789717461788,0.2918017600741084,-1.8124000000000002
Tiago Morais,Liga Portugal,F,567,0,0,0.6447,0.0,0.0,-0.6447
Oluwakorede Osundina,Liga Portugal,F,569,2,0,1.1014,0.3163444639718805,0.0,0.8986000000000001
Claudio Mendes,Liga Portugal,F,117,1,0,0.473,0.7692307692307693,0.0,0.527
Sebastián Pérez,Liga Portugal,M,1230,0,0,0.1796,0.0,0.0,-0.1796
Kelian Nsona,Liga Portugal,M,483,1,1,0.2858,0.1863354037267081,0.1863354037267081,0.7142
Joao Marques,Liga Portugal,M,112,0,0,,0.0,0.0,
Xander Severina,Liga Portugal,M,103,0,0,,0.0,0.0,
Lawrence Ofori,Liga Portugal,M,533,0,1,0.1702,0.0,0.16885553470919323,-0.1702
Rafael Brito,Liga Portugal,M,1022,1,1,0.597,0.08806262230919765,0.08806262230919765,0.403
Gaizka Larrazabal,Liga Portugal,M,2049,3,4,1.945,0.13177159590043924,0.17569546120058566,1.055
Iyad Mohamed,Liga Portugal,M,505,1,0,0.0965,0.1782178217821782,0.0,0.9035
José Fonte,Liga Portugal,D,1386,1,0,0.7658,0.06493506493506493,0.0,0.23419999999999996
Kaique Rocha,Liga Portugal,D,497,1,0,0.2762,0.18108651911468815,0.0,0.7238
David Sousa,Liga Portugal,D,1553,2,0,0.837,0.1159047005795235,0.0,1.163
Abdu Conté,Liga Portugal,D,1204,0,2,0.1085,0.0,0.14950166112956811,-0.1085
Domingos Jose Gabriel Bandeira,Liga Portugal,D,683,0,0,0.04,0.0,0.0,-0.04
João Goulart,Liga Portugal,D,1120,0,0,0.2877,0.0,0.0,-0.2877
Kevin Prieto,Liga Portugal,D,203,0,0,0.0455,0.0,0.0,-0.0455
André Geraldes,Liga Portugal,D,1476,0,0,0.0608,0.0,0.0,-0.0608
Pedro Rosas,Liga Portugal,D,34,0,0,0.0285,0.0,0.0,-0.0285
Patrick Sequeira,Liga Portugal,G,1721,0,0,,0.0,0.0,
Ricardo Batista,Liga Portugal,G,316,0,0,,0.0,0.0,
Gabriel Veron,Liga Portugal,F,488,1,0,0.8484,0.18442622950819673,0.0,0.15159999999999996
Jesús Ramírez,Liga Portugal,F,2173,13,0,13.3288,0.5384261389783709,0.0,-0.3287999999999993
Lucas João,Liga Portugal,F,154,0,1,0.599,0.0,0.5844155844155845,-0.599
Pablo,Liga Portugal,F,683,0,0,0.7213,0.0,0.0,-0.7213
Martim Gustavo Watts,Liga Portugal,F,69,0,0,,0.0,0.0,
Liziero,Liga Portugal,M,2039,0,4,0.9217,0.0,0.17655713585090732,-0.9217
Witi,Liga Portugal,M,749,1,0,1.518,0.12016021361815754,0.0,-0.518
Chiheb Labidi,Liga Portugal,M,1038,1,1,1.0065,0.08670520231213873,0.08670520231213873,-0.00649999999999995
Paulinho Bóia,Liga Portugal,M,2123,3,2,3.7181,0.12717852096090437,0.08478568064060292,-0.7181000000000002
Daniel Júnior,Liga Portugal,M,228,0,0,0.2156,0.0,0.0,-0.2156
Matheus Dias,Liga Portugal,M,1995,0,1,1.3572,0.0,0.045112781954887216,-1.3572
Filipe Soares,Liga Portugal,M,325,0,0,0.081,0.0,0.0,-0.081
Miguel Baeza,Liga Portugal,M,621,1,0,0.5153,0.14492753623188406,0.0,0.4847
Joel Silva,Liga Portugal,M,333,0,0,0.0775,0.0,0.0,-0.0775
Deivison Souza Brito,Liga Portugal,M,113,0,0,,0.0,0.0,
André Sousa,Liga Portugal,M,123,0,2,0.0274,0.0,1.4634146341463417,-0.0274
Alan Núñez,Liga Portugal,D,927,1,2,0.898,0.09708737864077668,0.19417475728155337,0.10199999999999998
Léo Santos,Liga Portugal,D,1999,3,1,1.7391,0.13506753376688344,0.04502251125562781,1.2609
Ze Vitor,Liga Portugal,D,1953,4,1,2.6897,0.18433179723502305,0.04608294930875576,1.3102999999999998
Ulisses,Liga Portugal,D,224,0,0,0.0457,0.0,0.0,-0.0457
Lenny Vallier,Liga Portugal,D,550,0,0,0.1243,0.0,0.0,-0.1243
José Gomes,Liga Portugal,D,1706,1,4,1.2728,0.052754982415005855,0.21101992966002342,-0.27279999999999993
Francisco Gonçalves,Liga Portugal,D,381,0,0,0.0091,0.0,0.0,-0.0091
João Aurélio,Liga Portugal,D,1253,0,0,0.2092,0.0,0.0,-0.2092
Kaique,Liga Portugal,G,1710,0,0,,0.0,0.0,
Lucas França,Liga Portugal,G,540,0,0,,0.0,0.0,
Gonçalo Paciência,Liga Portugal,F,189,1,0,0.7479,0.47619047619047616,0.0,0.2521
Gabriel Silva,Liga Portugal,F,1488,3,0,4.6119,0.1814516129032258,0.0,-1.6119000000000003
Elias Manoel,Liga Portugal,F,164,1,0,1.447,0.5487804878048781,0.0,-0.44700000000000006
Vinícius Lopes,Liga Portugal,F,1284,5,1,4.027,0.35046728971962615,0.07009345794392523,0.9729999999999999
Brenner,Liga Portugal,F,983,0,0,1.7485,0.0,0.0,-1.7485
João Costa,Liga Portugal,F,80,0,1,0.2308,0.0,1.125,-0.2308
Diogo Calila,Liga Portugal,M,609,1,0,0.2401,0.14778325123152708,0.0,0.7599
Luis Fernando,Liga Portugal,M,218,1,0,0.136,0.41284403669724773,0.0,0.864
Darlan,Liga Portugal,M,16,0,0,,0.0,0.0,
Pedro Ferreira,Liga Portugal,M,1556,0,0,1.0682,0.0,0.0,-1.0682
Serginho,Liga Portugal,M,1889,4,2,4.3006,0.19057702488088937,0.09528851244044469,-0.3006000000000002
Gustavo Klismahn,Liga Portugal,M,516,0,1,0.1057,0.0,0.1744186046511628,-0.1057
Lucas Soares,Liga Portugal,M,1656,0,0,0.6722,0.0,0.0,-0.6722
Welinton,Liga Portugal,M,243,1,1,0.3314,0.3703703703703704,0.3703703703703704,0.6686000000000001
José Tavares,Liga Portugal,M,560,0,0,0.2081,0.0,0.0,-0.2081
Matheus Araújo,Liga Portugal,D,751,1,0,0.5633,0.11984021304926765,0.0,0.4367
Paulo Victor,Liga Portugal,D,1121,1,0,0.1883,0.08028545941123996,0.0,0.8117
Sidney Lima,Liga Portugal,D,2123,1,0,0.971,0.04239284032030146,0.0,0.029000000000000026
Guilherme Romão,Liga Portugal,D,328,0,1,0.3942,0.0,0.27439024390243905,-0.3942
Frederico Venâncio,Liga Portugal,D,1530,1,0,0.5957,0.058823529411764705,0.0,0.4043
Henrique Silva,Liga Portugal,D,601,0,0,0.2083,0.0,0.0,-0.2083
Pedro Pacheco,Liga Portugal,D,15,0,0,,0.0,0.0,
Gabriel Batista,Liga Portugal,G,2250,0,1,0.149,0.0,0.04,-0.149
Dario Špikić,Liga Portugal,F,1059,2,0,1.9114,0.16997167138810199,0.0,0.08860000000000001
Marc Gual,Liga Portugal,F,179,0,0,0.1818,0.0,0.0,-0.1818
Tamblé Monteiro,Liga Portugal,F,250,0,0,0.263,0.0,0.0,-0.263
Jalen Blesa,Liga Portugal,F,270,1,0,0.1533,0.33333333333333337,0.0,0.8467
Karem Zoabi,Liga Portugal,F,92,0,0,0.0086,0.0,0.0,-0.0086
Tobias Medina,Liga Portugal,F,11,0,0,,0.0,0.0,
Tamás Nikitscher,Liga Portugal,M,651,0,1,0.2554,0.0,0.1382488479262673,-0.2554
Brandon Aguilera,Liga Portugal,M,1377,1,0,0.6213,0.06535947712418301,0.0,0.37870000000000004
Antonis Papakanellos,Liga Portugal,M,364,0,0,0.1903,0.0,0.0,-0.1903
Ryan Guilherme,Liga Portugal,M,39,0,0,0.0526,0.0,0.0,-0.0526
Marios Vrousai,Liga Portugal,M,1755,1,1,1.4692,0.05128205128205128,0.05128205128205128,-0.46920000000000006
Ole Pohlmann,Liga Portugal,M,1190,0,1,0.8418,0.0,0.07563025210084034,-0.8418
Georgios Liavas,Liga Portugal,M,788,0,1,0.0418,0.0,0.11421319796954314,-0.0418
Diogo Bezerra,Liga Portugal,M,403,0,0,0.4949,0.0,0.0,-0.4949
João Graça,Liga Portugal,M,92,0,0,,0.0,0.0,
Gustavo Mancha,Liga Portugal,D,360,0,0,0.071,0.0,0.0,-0.071
Omar Richards,Liga Portugal,D,551,0,0,0.0298,0.0,0.0,-0.0298
Andreas Ndoj,Liga Portugal,D,1652,0,2,0.703,0.0,0.1089588377723971,-0.703
Nelson Abbey,Liga Portugal,D,1370,0,0,0.046,0.0,0.0,-0.046
Leonardo Buta,Liga Portugal,D,10,0,0,,0.0,0.0,
João Tomé,Liga Portugal,D,479,0,0,0.0996,0.0,0.0,-0.0996
Jakub Brabec,Liga Portugal,D,1395,0,0,0.1174,0.0,0.0,-0.1174
Francisco Petrasso,Liga Portugal,D,1296,0,0,0.1015,0.0,0.0,-0.1015
Julien Lomboto,Liga Portugal,D,218,0,0,,0.0,0.0,
Cezary Miszta,Liga Portugal,G,1530,0,0,,0.0,0.0,
Kevin Chamorro,Liga Portugal,G,270,0,0,,0.0,0.0,
Ennio Van Der Gouw,Liga Portugal,G,360,0,0,,0.0,0.0,
Jordan Siebatcheu,Liga Portugal,F,1094,1,0,3.5644,0.08226691042047532,0.0,-2.5644
Maranhão,Liga Portugal,F,1773,6,1,7.7121,0.3045685279187817,0.05076142131979696,-1.7121000000000004
Makan Aïko,Liga Portugal,F,510,0,1,0.3803,0.0,0.1764705882352941,-0.3803
Benjamin Mbunga-Kimpioka,Liga Portugal,F,295,0,0,0.3568,0.0,0.0,-0.3568
Moudjatovic,Liga Portugal,F,256,0,0,0.1043,0.0,0.0,-0.1043
Hugo Félix,Liga Portugal,M,924,0,0,2.4431,0.0,0.0,-2.4431
Rony Lopes,Liga Portugal,M,415,1,2,0.3646,0.2168674698795181,0.4337349397590362,0.6354
Siphephelo Sithole,Liga Portugal,M,1332,1,0,0.3228,0.06756756756756757,0.0,0.6772
Joe Hodge,Liga Portugal,M,899,0,1,0.4745,0.0,0.10011123470522804,-0.4745
Juan Rodríguez,Liga Portugal,M,1203,0,0,0.4893,0.0,0.0,-0.4893
Arjen Van Der Heide,Liga Portugal,M,30,0,0,,0.0,0.0,
Tiago Manso,Liga Portugal,M,1057,1,0,1.8772,0.08514664143803216,0.0,-0.8772
Cicero,Liga Portugal,M,998,0,1,0.2674,0.0,0.09018036072144288,-0.2674
Hélder Tavares,Liga Portugal,M,359,0,0,0.036,0.0,0.0,-0.036
Xabi Huarte,Liga Portugal,M,134,0,0,0.6033,0.0,0.0,-0.6033
Brayan Medina,Liga Portugal,D,1769,0,1,1.8831,0.0,0.05087620124364047,-1.8831
João Silva,Liga Portugal,D,208,1,0,0.5861,0.4326923076923077,0.0,0.41390000000000005
Rodrigo Conceição,Liga Portugal,D,650,1,0,0.2338,0.13846153846153847,0.0,0.7662
Rémy Vita,Liga Portugal,D,227,0,0,0.0602,0.0,0.0,-0.0602
Christian Marques,Liga Portugal,D,1921,0,0,0.3938,0.0,0.0,-0.3938
Bebeto,Liga Portugal,D,1449,2,0,1.667,0.12422360248447205,0.0,0.33299999999999996
Emmanuel Maviram,Liga Portugal,D,1400,2,2,0.4099,0.12857142857142856,0.12857142857142856,1.5901
João Afonso,Liga Portugal,D,595,0,0,0.1118,0.0,0.0,-0.1118
Bernardo Fontes,Liga Portugal,G,2160,0,0,0.1494,0.0,0.0,-0.1494
Óscar Perea,Liga Portugal,F,1020,2,0,2.6773,0.1764705882352941,0.0,-0.6772999999999998
Tomané,Liga Portugal,F,1539,2,1,2.1667,0.11695906432748537,0.05847953216374269,-0.16670000000000007
Diego Duarte,Liga Portugal,F,826,3,0,2.4391,0.3268765133171913,0.0,0.5609000000000002
Nenê,Liga Portugal,F,360,4,1,4.2393,1.0,0.25,-0.23930000000000007
Guilherme Neiva,Liga Portugal,F,526,1,1,1.228,0.17110266159695817,0.17110266159695817,-0.22799999999999998
Roni,Liga Portugal,M,663,0,0,0.1364,0.0,0.0,-0.1364
Pedro Lima,Liga Portugal,M,1235,1,2,1.4307,0.0728744939271255,0.145748987854251,-0.4307000000000001
Babatunde Akinsola,Liga Portugal,M,1787,1,2,1.3202,0.05036373810856184,0.10072747621712368,-0.32020000000000004
Tiago Galletto,Liga Portugal,M,328,0,0,0.0578,0.0,0.0,-0.0578
Gustavo Mendonca,Liga Portugal,M,739,0,0,0.2522,0.0,0.0,-0.2522
Ángel Algobia,Liga Portugal,M,995,1,0,0.6019,0.09045226130653267,0.0,0.3981
Rúben Semedo,Liga Portugal,D,782,0,0,0.1138,0.0,0.0,-0.1138
Cristian Castro,Liga Portugal,D,1625,0,0,0.1552,0.0,0.0,-0.1552
Leonardo Rivas,Liga Portugal,D,885,0,1,0.0894,0.0,0.1016949152542373,-0.0894
Aderllan Santos,Liga Portugal,D,748,0,0,0.3396,0.0,0.0,-0.3396
Paulo Vitor,Liga Portugal,D,741,0,0,0.0217,0.0,0.0,-0.0217
Carlos Ponck,Liga Portugal,D,736,0,0,0.2708,0.0,0.0,-0.2708
Kiki Afonso,Liga Portugal,D,1372,0,0,0.3306,0.0,0.0,-0.3306
Mateus Pivô,Liga Portugal,D,387,0,0,,0.0,0.0,
Guillem Molina,Liga Portugal,D,318,0,0,,0.0,0.0,
Adriel,Liga Portugal,G,720,0,0,0.0484,0.0,0.0,-0.0484
Simão,Liga Portugal,G,990,0,0,,0.0,0.0,
Victor Osimhen,Super Lig,F,1374,11,4,12.2833,0.7205240174672489,0.26200873362445415,-1.2833000000000006
Mauro Icardi,Super Lig,F,1022,13,0,9.7954,1.1448140900195694,0.0,3.2045999999999992
Noa Lang,Super Lig,F,337,0,1,0.7159,0.0,0.26706231454005935,-0.7159
İlkay Gündoğan,Super Lig,M,996,2,3,2.097,0.18072289156626503,0.27108433734939763,-0.09699999999999998
Leroy Sané,Super Lig,M,1736,6,4,5.631,0.3110599078341014,0.2073732718894009,0.3689999999999998
Gabriel Sara,Super Lig,M,1566,5,2,2.0017,0.2873563218390805,0.1149425287356322,2.9983
Barış Alper Yılmaz,Super Lig,M,1661,6,9,6.8452,0.325105358217941,0.4876580373269115,-0.8452000000000002
Yáser Asprilla,Super Lig,M,89,0,0,0.374,0.0,0.0,-0.374
Yunus Akgün,Super Lig,M,1306,5,6,4.1107,0.3445635528330781,0.41347626339969373,0.8893000000000004
Mario Lemina,Super Lig,M,1265,0,0,1.6755,0.0,0.0,-1.6755
Lucas Torreira,Super Lig,M,1707,2,4,0.8627,0.1054481546572935,0.210896309314587,1.1373
Ahmed Kutucu,Super Lig,M,84,0,1,0.3298,0.0,1.0714285714285714,-0.3298
Renato Nhaga,Super Lig,M,32,0,0,,0.0,0.0,
Gökdeniz Gürpüz,Super Lig,M,1,0,0,0.0929,0.0,0.0,-0.0929
Sacha Boey,Super Lig,D,278,1,0,0.2633,0.32374100719424465,0.0,0.7367
Davinson Sánchez,Super Lig,D,1704,1,0,0.9795,0.0528169014084507,0.0,0.020499999999999963
Wilfried Singo,Super Lig,D,555,0,1,0.3195,0.0,0.16216216216216217,-0.3195
Roland Sallai,Super Lig,D,1762,1,3,1.7097,0.0510783200908059,0.1532349602724177,-0.7097
Ismail Jakobs,Super Lig,D,806,0,0,0.1601,0.0,0.0,-0.1601
Abdülkerim Bardakcı,Super Lig,D,2022,0,1,1.0029,0.0,0.044510385756676554,-1.0029
Eren Elmalı,Super Lig,D,1203,3,0,1.2003,0.22443890274314213,0.0,1.7997
Kaan Ayhan,Super Lig,D,295,0,0,0.2782,0.0,0.0,-0.2782
Metehan Baltacı,Super Lig,D,24,0,0,,0.0,0.0,
Arda Ünyay,Super Lig,D,131,0,0,0.0581,0.0,0.0,-0.0581
Uğurcan Çakır,Super Lig,G,1980,0,0,,0.0,0.0,
Günay Güvenç,Super Lig,G,630,0,0,,0.0,0.0,
Kerem Aktürkoğlu,Super Lig,F,1354,4,4,2.625,0.2658788774002954,0.2658788774002954,1.375
Dorgeles Nene,Super Lig,F,1043,5,3,3.3689,0.4314477468839885,0.2588686481303931,1.6311
Sidiki Cherif,Super Lig,F,229,2,0,0.7952,0.7860262008733624,0.0,1.2048
N'Golo Kanté,Super Lig,M,349,0,0,0.2236,0.0,0.0,-0.2236
Marco Asensio,Super Lig,M,1723,11,10,5.3104,0.5745792222867092,0.522344747533372,5.6896
Anderson Talisca,Super Lig,M,1460,13,3,11.7086,0.8013698630136986,0.18493150684931506,1.2913999999999994
Fred,Super Lig,M,1075,0,2,1.9723,0.0,0.16744186046511628,-1.9723
Edson Álvarez,Super Lig,M,767,0,1,0.7075,0.0,0.11734028683181225,-0.7075
Mattéo Guendouzi,Super Lig,M,719,1,0,0.3212,0.12517385257301808,0.0,0.6788000000000001
Oğuz Aydın,Super Lig,M,482,0,1,0.5332,0.0,0.18672199170124482,-0.5332
İsmail Yüksek,Super Lig,M,1465,1,1,1.3133,0.06143344709897611,0.06143344709897611,-0.3132999999999999
Anthony Musaba,Super Lig,M,1545,5,3,5.8986,0.29126213592233013,0.17475728155339806,-0.8986000000000001
Milan Škriniar,Super Lig,D,1800,2,0,0.9596,0.1,0.0,1.0404
Nélson Semedo,Super Lig,D,1427,1,2,0.2334,0.06306937631394534,0.12613875262789068,0.7666
Çağlar Söyüncü,Super Lig,D,457,0,1,0.1614,0.0,0.19693654266958424,-0.1614
Archie Brown,Super Lig,D,999,2,1,1.4648,0.18018018018018017,0.09009009009009009,0.5351999999999999
Jayden Oosterwolde,Super Lig,D,1951,0,0,1.3702,0.0,0.0,-1.3702
Mert Müldür,Super Lig,D,1009,1,1,1.1012,0.08919722497522299,0.08919722497522299,-0.10119999999999996
Levent Mercan,Super Lig,D,839,0,3,0.2291,0.0,0.3218116805721096,-0.2291
Yiğit Efe Demir,Super Lig,D,402,0,0,0.3562,0.0,0.0,-0.3562
Ederson,Super Lig,G,1710,0,0,,0.0,0.0,
Mert Günok,Super Lig,G,720,0,0,,0.0,0.0,
Tarık Çetin,Super Lig,G,180,0,0,,0.0,0.0,
Paul Onuachu,Super Lig,F,1794,18,2,12.7092,0.9030100334448161,0.10033444816053512,5.290800000000001
Felipe Augusto,Super Lig,F,1562,10,0,4.7001,0.5761843790012804,0.0,5.2999
Umut Nayir,Super Lig,F,1760,8,2,6.3821,0.40909090909090906,0.10227272727272727,1.6178999999999997
Christ Inao Oulaï,Super Lig,M,1375,2,4,0.9832,0.1309090909090909,0.2618181818181818,1.0168
Ernest Muçi,Super Lig,M,1400,10,3,6.9538,0.6428571428571428,0.19285714285714287,3.0462
Benjamin Bouchouari,Super Lig,M,301,0,0,0.149,0.0,0.0,-0.149
Ozan Tufan,Super Lig,M,634,0,2,0.1381,0.0,0.28391167192429023,-0.1381
Oleksandr Zubkov,Super Lig,M,1568,3,4,3.0538,0.1721938775510204,0.22959183673469385,-0.05379999999999985
Edin Višća,Super Lig,M,188,0,0,0.3478,0.0,0.0,-0.3478
Anthony Nwakaeme,Super Lig,M,147,0,1,0.1339,0.0,0.6122448979591837,-0.1339
Okay Yokuşlu,Super Lig,M,873,1,0,0.3309,0.10309278350515465,0.0,0.6691
Mathias Løvik,Super Lig,M,362,0,1,0.0074,0.0,0.24861878453038672,-0.0074
Tim Jabol-Folcarelli,Super Lig,M,1790,0,3,0.7903,0.0,0.15083798882681565,-0.7903
Boran Başkan,Super Lig,M,1,0,0,,0.0,0.0,
Stefan Savić,Super Lig,D,1217,1,1,0.7621,0.07395234182415776,0.07395234182415776,0.2379
Arseniy Batagov,Super Lig,D,2025,0,2,0.9654,0.0,0.08888888888888889,-0.9654
Chibuike Nwaiwu,Super Lig,D,589,2,1,0.8702,0.30560271646859083,0.15280135823429541,1.1298
Mustafa Eskihellaç,Super Lig,D,1739,0,3,1.2239,0.0,0.15526164462334674,-1.2239
Wagner Pina,Super Lig,D,1768,0,3,0.2724,0.0,0.15271493212669685,-0.2724
Salih Malkoçoğlu,Super Lig,D,33,0,0,,0.0,0.0,
André Onana,Super Lig,G,1800,0,1,,0.0,0.05,
El Bilal Touré,Super Lig,F,1274,5,4,5.8556,0.3532182103610675,0.282574568288854,-0.8555999999999999
Hyeon-gyu Oh,Super Lig,F,445,3,1,1.6091,0.6067415730337079,0.20224719101123598,1.3909
Cengiz Ünder,Super Lig,F,862,5,2,4.5035,0.5220417633410672,0.2088167053364269,0.49650000000000016
Mustafa Hekimoğlu,Super Lig,F,265,1,0,1.2656,0.33962264150943394,0.0,-0.26560000000000006
Jota Silva,Super Lig,F,352,2,0,1.502,0.5113636363636364,0.0,0.498
Devrim Şahin,Super Lig,F,164,0,0,0.174,0.0,0.0,-0.174
Orkun Kökçü,Super Lig,M,1778,4,5,4.7443,0.20247469066366705,0.25309336332958376,-0.7443
Wilfred Ndidi,Super Lig,M,1578,2,0,1.9941,0.11406844106463877,0.0,0.005900000000000016
Junior Olaitan,Super Lig,M,1355,3,0,4.6417,0.1992619926199262,0.0,-1.6417000000000002
Kristjan Asllani,Super Lig,M,314,0,1,0.3708,0.0,0.28662420382165604,-0.3708
Milot Rashica,Super Lig,M,855,1,3,1.2243,0.10526315789473685,0.3157894736842105,-0.22429999999999994
Václav Černý,Super Lig,M,1602,4,8,6.2132,0.2247191011235955,0.449438202247191,-2.2131999999999996
Salih Uçan,Super Lig,M,437,0,0,0.4938,0.0,0.0,-0.4938
Kartal Kayra Yılmaz,Super Lig,M,468,0,1,0.194,0.0,0.19230769230769232,-0.194
Amir Murillo,Super Lig,D,372,1,0,0.1733,0.24193548387096775,0.0,0.8267
Emmanuel Agbadou,Super Lig,D,450,1,1,0.2352,0.2,0.2,0.7648
Tiago Djaló,Super Lig,D,1120,1,0,0.8321,0.08035714285714285,0.0,0.16790000000000005
Emirhan Topçu,Super Lig,D,1477,1,0,0.6957,0.060934326337169935,0.0,0.3043
Rıdvan Yılmaz,Super Lig,D,1445,0,0,0.775,0.0,0.0,-0.775
Necip Uysal,Super Lig,D,81,0,0,,0.0,0.0,
Felix Uduokhai,Super Lig,D,764,0,0,0.2234,0.0,0.0,-0.2234
Taylan Bulut,Super Lig,D,274,0,0,0.1014,0.0,0.0,-0.1014
Gökhan Sazdağı,Super Lig,D,1530,0,0,0.2245,0.0,0.0,-0.2245
Ersin Destanoğlu,Super Lig,G,1530,0,0,,0.0,0.0,
Eldor Shomurodov,Super Lig,F,2196,16,4,11.2707,0.6557377049180327,0.16393442622950818,4.7293
Bertuğ Yıldırım,Super Lig,F,179,5,0,1.9024,2.513966480446927,0.0,3.0976
Davie Selke,Super Lig,F,854,7,0,4.6391,0.7377049180327869,0.0,2.3609
Nuno Da Costa,Super Lig,F,811,3,1,3.3512,0.33292231812577067,0.11097410604192355,-0.35119999999999996
Ivan Brnić,Super Lig,F,564,4,1,1.4075,0.6382978723404256,0.1595744680851064,2.5925000000000002
Abbosbek Fayzullaev,Super Lig,M,1006,2,2,3.7856,0.17892644135188865,0.17892644135188865,-1.7856
Amine Harit,Super Lig,M,1099,1,3,1.695,0.0818926296633303,0.2456778889899909,-0.6950000000000001
Jakub Kałuziński,Super Lig,M,514,0,1,0.358,0.0,0.17509727626459143,-0.358
Olivier Kemen,Super Lig,M,1488,0,3,2.2034,0.0,0.1814516129032258,-2.2034
Miguel Crespo,Super Lig,M,886,0,5,1.3481,0.0,0.5079006772009029,-1.3481
Yusuf Sarı,Super Lig,M,862,0,3,1.3832,0.0,0.31322505800464034,-1.3832
Berat Ayberk Özdemir,Super Lig,M,924,0,0,0.4616,0.0,0.0,-0.4616
Umut Güneş,Super Lig,M,1503,1,0,0.7749,0.059880239520958084,0.0,0.22509999999999997
Onur Ergün,Super Lig,M,278,0,1,0.2406,0.0,0.32374100719424465,-0.2406
Kazımcan Karataş,Super Lig,D,577,0,1,0.1053,0.0,0.1559792027729636,-0.1053
Jerome Opoku,Super Lig,D,2065,0,1,1.1296,0.0,0.043583535108958835,-1.1296
Christopher Operi,Super Lig,D,1675,0,4,0.3421,0.0,0.21492537313432836,-0.3421
Festy Ebosele,Super Lig,D,639,0,0,0.0364,0.0,0.0,-0.0364
Onur Bulut,Super Lig,D,736,0,1,0.0923,0.0,0.12228260869565218,-0.0923
Léo Duarte,Super Lig,D,1620,0,1,0.558,0.0,0.05555555555555555,-0.558
Ousseynou Ba,Super Lig,D,824,0,0,0.2047,0.0,0.0,-0.2047
Hamza Güreler,Super Lig,D,126,0,0,,0.0,0.0,
Ömer Ali Şahiner,Super Lig,D,1238,2,0,1.1937,0.14539579967689822,0.0,0.8063
Muhammed Şengezer,Super Lig,G,2160,0,1,,0.0,0.04166666666666667,
Juan Santos da Silva,Super Lig,F,1855,6,3,6.332,0.29110512129380056,0.14555256064690028,-0.33199999999999985
Janderson,Super Lig,F,1890,4,3,6.2213,0.1904761904761905,0.14285714285714285,-2.2213000000000003
Guilherme Luiz,Super Lig,F,171,0,0,0.071,0.0,0.0,-0.071
Jeh,Super Lig,F,192,0,0,1.012,0.0,0.0,-1.012
Novatus Miroshi,Super Lig,M,1535,1,1,1.6009,0.05863192182410424,0.05863192182410424,-0.6009
Filip Krastev,Super Lig,M,285,0,0,0.3758,0.0,0.0,-0.3758
Amine Cherni,Super Lig,M,2200,0,4,0.3966,0.0,0.16363636363636364,-0.3966
Anthony Junior Dennis,Super Lig,M,1856,3,0,0.9536,0.14547413793103448,0.0,2.0464
Arda Kurtulan,Super Lig,M,1735,3,1,1.7932,0.15561959654178675,0.05187319884726225,1.2068
Alexis Antunes,Super Lig,M,201,1,0,0.1656,0.44776119402985076,0.0,0.8344
Efkan Bekiroğlu,Super Lig,M,868,3,2,2.0382,0.3110599078341014,0.2073732718894009,0.9618000000000002
Musah Mohammed,Super Lig,M,73,0,0,0.0391,0.0,0.0,-0.0391
İsmail Köybaşı,Super Lig,M,78,0,0,0.0415,0.0,0.0,-0.0415
Ogün Bayrak,Super Lig,M,453,0,1,0.1309,0.0,0.1986754966887417,-0.1309
Malcom Bokele,Super Lig,D,1930,1,0,0.5534,0.046632124352331605,0.0,0.4466
Héliton,Super Lig,D,2160,0,1,2.1916,0.0,0.04166666666666667,-2.1916
Taha Altıkardeş,Super Lig,D,1114,1,0,0.4821,0.08078994614003591,0.0,0.5179
Allan,Super Lig,D,1178,0,1,1.0727,0.0,0.07640067911714771,-1.0727
Uğur Kaan Yıldız,Super Lig,D,47,0,0,,0.0,0.0,
Furkan Bayır,Super Lig,D,351,0,0,0.0402,0.0,0.0,-0.0402
Mateusz Lis,Super Lig,G,2250,0,0,,0.0,0.0,
Cherif Ndiaye,Super Lig,F,1043,4,1,4.442,0.3451581975071908,0.0862895493767977,-0.44200000000000017
Marius Mouandilmadji,Super Lig,F,1341,5,0,5.53,0.33557046979865773,0.0,-0.5300000000000002
Elayis Tavsan,Super Lig,F,376,0,0,1.0243,0.0,0.0,-1.0243
Ebrima Ceesay,Super Lig,F,8,0,0,,0.0,0.0,
Tahsin Bülbül ,Super Lig,F,83,0,0,0.0199,0.0,0.0,-0.0199
Olivier Ntcham,Super Lig,M,1240,1,0,2.0819,0.07258064516129033,0.0,-1.0819
Carlo Holse,Super Lig,M,1888,5,2,4.6941,0.23834745762711862,0.09533898305084745,0.3059000000000003
Afonso Sousa,Super Lig,M,119,0,0,0.193,0.0,0.0,-0.193
Antoine Makoumbou,Super Lig,M,1574,0,1,0.452,0.0,0.05717916137229988,-0.452
Tanguy Coulibaly,Super Lig,M,305,0,0,0.6025,0.0,0.0,-0.6025
Jaures Assoumou,Super Lig,M,368,1,0,0.6444,0.24456521739130435,0.0,0.3556
Emre Kılınç,Super Lig,M,913,1,2,1.6663,0.09857612267250822,0.19715224534501644,-0.6662999999999999
Celil Yüksel,Super Lig,M,1064,0,1,0.4892,0.0,0.08458646616541353,-0.4892
Yalçın Kayan,Super Lig,M,1207,0,3,2.0685,0.0,0.22369511184755594,-2.0685
Josafat Mendes,Super Lig,D,758,0,0,0.2551,0.0,0.0,-0.2551
Rick Van Drongelen,Super Lig,D,2160,2,0,1.6615,0.08333333333333334,0.0,0.3385
Ľubomír Šatka,Super Lig,D,1792,0,1,0.1748,0.0,0.05022321428571428,-0.1748
Toni Borevković,Super Lig,D,699,1,0,0.6322,0.12875536480686695,0.0,0.3678
Zeki Yavru,Super Lig,D,1715,0,1,0.2877,0.0,0.052478134110787174,-0.2877
Logi Tomasson,Super Lig,D,1725,0,3,0.743,0.0,0.1565217391304348,-0.743
Yunus Emre Çift,Super Lig,D,533,0,0,0.0563,0.0,0.0,-0.0563
Ali Diabaté,Super Lig,D,104,0,0,0.095,0.0,0.0,-0.095
Soner Gönül,Super Lig,D,572,0,0,0.1296,0.0,0.0,-0.1296
İrfan Can Eğribayat,Super Lig,G,360,0,0,,0.0,0.0,
Okan Kocuk,Super Lig,G,2160,0,0,,0.0,0.0,
Frantzdy Pierrot,Super Lig,F,63,0,0,0.043,0.0,0.0,-0.043
Ali Sowe,Super Lig,F,1669,3,3,9.283,0.16177351707609347,0.16177351707609347,-6.2829999999999995
Halil Dervişoğlu,Super Lig,F,622,1,0,1.2588,0.14469453376205788,0.0,-0.2587999999999999
Adedire Mebude,Super Lig,F,325,1,2,0.9991,0.27692307692307694,0.5538461538461539,0.0009000000000000119
Emrecan Bulut,Super Lig,F,545,1,2,0.7593,0.1651376146788991,0.3302752293577982,0.24070000000000003
Valentin Mihăilă,Super Lig,M,670,5,1,1.6555,0.6716417910447761,0.13432835820895522,3.3445
Loide Augusto,Super Lig,M,694,0,2,0.8741,0.0,0.25936599423631124,-0.8741
Qazim Laci,Super Lig,M,1991,4,6,4.0552,0.18081366147664493,0.27122049221496736,-0.05520000000000014
Ibrahim Olawoyin,Super Lig,M,1378,1,1,0.7911,0.06531204644412192,0.06531204644412192,0.20889999999999997
Taylan Antalyalı,Super Lig,M,642,0,0,0.2382,0.0,0.0,-0.2382
Giannis Papanikolaou,Super Lig,M,1597,1,0,2.2525,0.056355666875391355,0.0,-1.2525
Muhamed Buljubašić,Super Lig,M,760,0,0,0.4297,0.0,0.0,-0.4297
Altin Zeqiri,Super Lig,M,695,1,0,1.437,0.12949640287769784,0.0,-0.43700000000000006
Mithat Pala,Super Lig,M,1143,2,0,0.8928,0.15748031496062992,0.0,1.1072
Husniddin Alikulov,Super Lig,D,427,0,0,0.1318,0.0,0.0,-0.1318
Samet Akaydın,Super Lig,D,2058,3,1,1.3669,0.13119533527696792,0.043731778425655975,1.6331
Modibo Sagnan,Super Lig,D,940,0,0,0.2147,0.0,0.0,-0.2147
Attila Mocsi,Super Lig,D,1168,1,0,0.876,0.07705479452054795,0.0,0.124
Emir Ortakaya,Super Lig,D,728,0,0,0.1774,0.0,0.0,-0.1774
Taha Şahin,Super Lig,D,1655,1,0,0.4677,0.054380664652567974,0.0,0.5323
Casper Højer,Super Lig,D,2120,0,0,0.275,0.0,0.0,-0.275
Yahia Fofana,Super Lig,G,1620,0,0,,0.0,0.0,
Erdem Canpolat,Super Lig,G,630,0,0,,0.0,0.0,
Bruno Petković,Super Lig,F,1311,6,0,5.2518,0.41189931350114417,0.0,0.7481999999999998
Serdar Dursun,Super Lig,F,884,3,1,3.5131,0.3054298642533937,0.10180995475113123,-0.5131000000000001
Can Keleş,Super Lig,F,665,0,1,0.582,0.0,0.13533834586466167,-0.582
Daniel Agyei,Super Lig,F,1284,4,0,2.2218,0.2803738317757009,0.0,1.7782
Ahmet Sağat,Super Lig,F,1,0,0,,0.0,0.0,
Furkan Gedik,Super Lig,F,33,0,0,,0.0,0.0,
Karol Linetty,Super Lig,M,1343,0,2,1.7636,0.0,0.1340282948622487,-1.7636
Show,Super Lig,M,1620,0,0,0.4688,0.0,0.0,-0.4688
Joseph Nonge,Super Lig,M,715,0,0,0.2188,0.0,0.0,-0.2188
Mahamadou Susoho,Super Lig,M,36,0,0,,0.0,0.0,
Habib Keita,Super Lig,M,1284,1,2,0.3452,0.07009345794392523,0.14018691588785046,0.6548
Darko Churlinov,Super Lig,M,719,0,3,0.9908,0.0,0.37552155771905427,-0.9908
Tayfur Bingöl,Super Lig,M,1639,5,1,3.8488,0.2745576571079927,0.05491153142159853,1.1511999999999998
Rigoberto Rivas,Super Lig,M,639,1,1,1.1284,0.14084507042253522,0.14084507042253522,-0.12840000000000007
Samet Yalçın,Super Lig,M,261,0,0,0.1869,0.0,0.0,-0.1869
Mateusz Wieteska,Super Lig,D,22,0,0,,0.0,0.0,
Botond Balogh,Super Lig,D,1465,0,0,0.3779,0.0,0.0,-0.3779
Hrvoje Smolčić,Super Lig,D,1419,1,1,0.7747,0.06342494714587738,0.06342494714587738,0.22529999999999994
Massadio Haïdara,Super Lig,D,1304,0,1,0.4778,0.0,0.06901840490797546,-0.4778
Anfernee Dijksteel,Super Lig,D,1787,0,0,0.149,0.0,0.0,-0.149
Ahmet Oğuz,Super Lig,D,1462,0,2,0.1003,0.0,0.12311901504787962,-0.1003
Muharrem Cinan,Super Lig,D,349,0,0,0.1875,0.0,0.0,-0.1875
Aleksandar Jovanović,Super Lig,G,1575,0,0,,0.0,0.0,
Gökhan Değirmenci,Super Lig,G,585,0,0,,0.0,0.0,
Mohamed Bayo,Super Lig,F,1632,10,2,9.6266,0.5514705882352942,0.11029411764705882,0.3734000000000002
Denis Drăguş,Super Lig,F,1130,0,1,1.9321,0.0,0.07964601769911504,-1.9321
Christophe Lungoyi,Super Lig,F,1264,2,2,2.1837,0.14240506329113925,0.14240506329113925,-0.18369999999999997
Ali Osman Kalın,Super Lig,F,34,0,0,0.0315,0.0,0.0,-0.0315
Muhammet Akmelek,Super Lig,F,12,0,0,,0.0,0.0,
Kacper Kozłowski,Super Lig,M,1854,4,1,3.279,0.19417475728155337,0.04854368932038834,0.7210000000000001
Alexandru Maxim,Super Lig,M,1915,4,7,4.281,0.18798955613577023,0.3289817232375979,-0.2809999999999997
Deian Sorescu,Super Lig,M,1107,2,1,2.755,0.16260162601626016,0.08130081300813008,-0.7549999999999999
Drissa Camara,Super Lig,M,1272,2,6,3.0823,0.14150943396226415,0.4245283018867924,-1.0823
Yusuf Kabadayi,Super Lig,M,473,1,0,1.0912,0.19027484143763215,0.0,-0.09119999999999995
Karamba Gassama,Super Lig,M,346,0,1,0.4487,0.0,0.26011560693641617,-0.4487
Victor Ntino-Emo Gidado,Super Lig,M,77,0,0,0.0196,0.0,0.0,-0.0196
Melih Kabasakal,Super Lig,M,1235,1,1,0.1432,0.0728744939271255,0.0728744939271255,0.8568
Ogün Özçiçek,Super Lig,M,1072,0,0,0.039,0.0,0.0,-0.039
Tayyip Talha Sanuç,Super Lig,D,1066,0,0,0.4682,0.0,0.0,-0.4682
Nihad Mujakić,Super Lig,D,1935,0,1,0.0213,0.0,0.046511627906976744,-0.0213
Luis Pérez,Super Lig,D,1314,0,1,0.1409,0.0,0.0684931506849315,-0.1409
Kévin Rodrigues,Super Lig,D,1825,2,1,0.6554,0.09863013698630137,0.049315068493150684,1.3446
Myenty Abena,Super Lig,D,1191,1,0,1.3378,0.07556675062972291,0.0,-0.3378000000000001
Nazım Sangaré,Super Lig,D,605,0,0,0.0587,0.0,0.0,-0.0587
Arda Kızıldağ,Super Lig,D,1321,1,0,0.8406,0.06813020439061317,0.0,0.1594
Salem M'Bakata,Super Lig,D,35,0,0,,0.0,0.0,
Mustafa Burak Bozan,Super Lig,G,874,0,1,,0.0,0.10297482837528604,
Zafer Görgen,Super Lig,G,1350,0,0,,0.0,0.0,
Meschack Elia,Super Lig,F,458,0,0,0.3929,0.0,0.0,-0.3929
Steve Mounié,Super Lig,F,402,2,0,2.9465,0.44776119402985076,0.0,-0.9464999999999999
Ui-Jo Hwang,Super Lig,F,1636,3,5,2.6593,0.16503667481662593,0.27506112469437655,0.3407
Güven Yalçın,Super Lig,F,646,6,0,2.7877,0.8359133126934984,0.0,3.2123
Ibrahim Kaya,Super Lig,F,824,2,0,1.9861,0.21844660194174756,0.0,0.013900000000000023
Ianis Hagi,Super Lig,M,1099,2,2,1.7766,0.1637852593266606,0.1637852593266606,0.22340000000000004
Maestro,Super Lig,M,1125,1,1,0.7909,0.08,0.08,0.20909999999999995
Florent Hadergjonaj,Super Lig,M,1402,4,5,1.9526,0.25677603423680456,0.3209700427960057,2.0474
Gaius Makouta,Super Lig,M,1969,1,0,1.2725,0.0457084814626714,0.0,-0.27249999999999996
Ruan,Super Lig,M,1525,1,0,1.4693,0.05901639344262295,0.0,-0.46930000000000005
Yusuf Özdemir,Super Lig,M,908,1,1,1.534,0.09911894273127754,0.09911894273127754,-0.534
Efecan Karaca,Super Lig,M,418,0,0,,0.0,0.0,
Nicolas Janvier,Super Lig,M,830,0,0,0.3621,0.0,0.0,-0.3621
İzzet Çelik,Super Lig,M,103,0,0,0.0595,0.0,0.0,-0.0595
Enes Keskin,Super Lig,M,405,0,1,0.3813,0.0,0.2222222222222222,-0.3813
Ümit Akdağ,Super Lig,D,1972,1,2,1.0433,0.04563894523326572,0.09127789046653144,-0.043299999999999894
Fidan Aliti,Super Lig,D,1954,0,0,0.1804,0.0,0.0,-0.1804
Bruno Viana,Super Lig,D,194,0,0,0.031,0.0,0.0,-0.031
Nuno Lima,Super Lig,D,2016,0,0,0.6919,0.0,0.0,-0.6919
Fatih Aksoy,Super Lig,D,598,0,0,0.435,0.0,0.0,-0.435
Baran Mogultay,Super Lig,D,56,0,0,,0.0,0.0,
Batuhan Yavuz,Super Lig,D,1,0,0,,0.0,0.0,
Paulo Victor,Super Lig,G,360,0,0,,0.0,0.0,
Ertuğrul Taşkıran,Super Lig,G,1800,0,0,,0.0,0.0,
Sekou Koita,Super Lig,F,1241,6,0,4.0166,0.43513295729250606,0.0,1.9833999999999996
M'Baye Niang,Super Lig,F,1319,3,2,4.6109,0.2047005307050796,0.13646702047005307,-1.6109
Henry Onyekuru,Super Lig,F,192,0,0,0.7884,0.0,0.0,-0.7884
Cihan Çanak,Super Lig,F,191,0,0,0.1189,0.0,0.0,-0.1189
Ayaz Özcan,Super Lig,F,29,0,0,0.2314,0.0,0.0,-0.2314
Adama Malouda Traoré,Super Lig,M,451,0,0,0.5879,0.0,0.0,-0.5879
Franco Tongya,Super Lig,M,1542,3,2,2.4555,0.17509727626459143,0.11673151750972763,0.5445000000000002
Oghenekaro Etebo,Super Lig,M,42,0,0,,0.0,0.0,
Tom Dele-Bashiru,Super Lig,M,1638,0,1,0.3292,0.0,0.054945054945054944,-0.3292
Göktan Gürpüz,Super Lig,M,1573,0,5,1.8651,0.0,0.28607755880483154,-1.8651
Dal Varešanović,Super Lig,M,268,1,0,0.948,0.33582089552238803,0.0,0.052000000000000046
Moussa Kyabou,Super Lig,M,147,0,0,,0.0,0.0,
Metehan Mimaroğlu,Super Lig,M,1343,4,2,2.6256,0.2680565897244974,0.1340282948622487,1.3744
Oğulcan Ülgün,Super Lig,M,1254,4,2,1.6115,0.28708133971291866,0.14354066985645933,2.3885
Samed Onur,Super Lig,M,397,0,1,0.1345,0.0,0.22670025188916876,-0.1345
Pedro Pereira,Super Lig,D,1980,0,1,0.4034,0.0,0.045454545454545456,-0.4034
Dimitris Goutas,Super Lig,D,2097,2,0,1.8952,0.08583690987124463,0.0,0.1048
Thalisson Kelven,Super Lig,D,1899,2,0,1.4303,0.0947867298578199,0.0,0.5697000000000001
Žan Žužek,Super Lig,D,1943,2,0,1.1493,0.09264024704065878,0.0,0.8507
Matěj Hanousek,Super Lig,D,1042,0,0,0.0205,0.0,0.0,-0.0205
Abdurrahim Dursun,Super Lig,D,431,0,0,0.1436,0.0,0.0,-0.1436
Firatcan Üzüm,Super Lig,D,147,0,0,0.0853,0.0,0.0,-0.0853
Ricardo Velho,Super Lig,G,1170,0,0,,0.0,0.0,
Erhan Erentürk,Super Lig,G,630,0,0,,0.0,0.0,
Jackson Muleka,Super Lig,F,1705,3,2,6.5137,0.15835777126099707,0.10557184750733138,-3.5137
Blaž Kramer,Super Lig,F,404,2,0,1.246,0.44554455445544555,0.0,0.754
Muhammet Tunahan Taşçı,Super Lig,F,181,1,1,0.217,0.49723756906077343,0.49723756906077343,0.783
Berkan Kutlu,Super Lig,M,693,0,1,0.4199,0.0,0.12987012987012986,-0.4199
Enis Bardhi,Super Lig,M,1603,4,1,3.8875,0.22457891453524642,0.056144728633811605,0.11249999999999982
Kazeem Olaigbe,Super Lig,M,1523,0,1,1.9815,0.0,0.05909389363099146,-1.9815
Diogo Gonçalves,Super Lig,M,9,0,0,,0.0,0.0,
Jo Jin-ho,Super Lig,M,836,0,0,0.3929,0.0,0.0,-0.3929
Marius Ștefănescu,Super Lig,M,168,0,0,0.3833,0.0,0.0,-0.3833
Deniz Türüç,Super Lig,M,1042,1,2,1.1264,0.08637236084452975,0.1727447216890595,-0.12640000000000007
Pedrinho,Super Lig,M,676,1,0,1.3949,0.1331360946745562,0.0,-0.39490000000000003
Sander Svendsen,Super Lig,M,142,0,0,0.1356,0.0,0.0,-0.1356
Morten Bjørlo,Super Lig,M,1075,0,1,0.929,0.0,0.08372093023255814,-0.929
Marko Jevtović,Super Lig,M,650,0,0,0.5411,0.0,0.0,-0.5411
Melih İbrahimoğlu,Super Lig,M,1680,0,1,0.6848,0.0,0.053571428571428575,-0.6848
Ufuk Akyol,Super Lig,M,1,0,0,,0.0,0.0,
Ismail Esat Buga,Super Lig,M,9,0,0,,0.0,0.0,
Adamo Nagalo,Super Lig,D,156,0,0,0.0116,0.0,0.0,-0.0116
Riechedly Bazoer,Super Lig,D,680,0,0,0.0972,0.0,0.0,-0.0972
Rayyan Baniya,Super Lig,D,225,0,0,,0.0,0.0,
Yhoan Andzouana,Super Lig,D,2073,1,4,1.0004,0.043415340086830685,0.17366136034732274,-0.00039999999999995595
Guilherme Haubert Sityá,Super Lig,D,1860,0,1,0.3932,0.0,0.04838709677419355,-0.3932
Adil Demirbağ,Super Lig,D,1558,2,2,1.4941,0.11553273427471115,0.11553273427471115,0.5059
Arif Boşluk,Super Lig,D,747,0,0,0.7889,0.0,0.0,-0.7889
Uğurcan Yazğılı,Super Lig,D,1534,0,1,0.9188,0.0,0.05867014341590612,-0.9188
Josip Ćalušić,Super Lig,D,298,0,0,,0.0,0.0,
Yasir Subaşı,Super Lig,D,347,0,0,,0.0,0.0,
Deniz Ertaş,Super Lig,G,720,0,1,,0.0,0.125,
Bahadır Han Güngördü,Super Lig,G,1530,0,0,,0.0,0.0,
Nikola Storm,Super Lig,F,1370,3,1,1.5657,0.19708029197080293,0.0656934306569343,1.4343
Samuel Ballet,Super Lig,F,1007,2,0,1.0802,0.17874875868917575,0.0,0.9198
Yohan Boli,Super Lig,F,838,2,1,2.102,0.21479713603818618,0.10739856801909309,-0.10199999999999987
Bachir Gueye,Super Lig,F,90,2,0,0.3333,2.0,0.0,1.6667
Kerem Kayaarasi,Super Lig,F,1,0,0,,0.0,0.0,
Abdülkadir Ömür,Super Lig,M,1039,0,1,1.2513,0.0,0.08662175168431184,-1.2513
Dario Šarić,Super Lig,M,947,1,0,0.479,0.09503695881731784,0.0,0.521
Ramzi Safuri,Super Lig,M,1093,0,4,0.3222,0.0,0.32936870997255263,-0.3222
Sander van de Streek,Super Lig,M,1621,4,2,4.2333,0.22208513263417645,0.11104256631708823,-0.23329999999999984
Jesper Ceesay,Super Lig,M,1585,0,0,0.2287,0.0,0.0,-0.2287
Hasan Yakub İlçin,Super Lig,M,182,0,0,,0.0,0.0,
Doğukan Sinik,Super Lig,M,471,0,1,0.3451,0.0,0.19108280254777069,-0.3451
Soner Dikmen,Super Lig,M,1547,2,0,1.2961,0.11635423400129283,0.0,0.7039
Lautaro Giannetti,Super Lig,D,1332,1,1,0.8302,0.06756756756756757,0.06756756756756757,0.16979999999999995
Georgiy Dzhikiya,Super Lig,D,982,2,0,0.189,0.18329938900203666,0.0,1.811
Kenneth Paal,Super Lig,D,2157,0,0,0.3467,0.0,0.0,-0.3467
Bünyamin Balcı,Super Lig,D,1845,0,3,0.2996,0.0,0.14634146341463414,-0.2996
Hüseyin Türkmen,Super Lig,D,1076,0,0,0.1446,0.0,0.0,-0.1446
Veysel Sarı,Super Lig,D,1400,1,1,0.6988,0.06428571428571428,0.06428571428571428,0.3012
Erdoğan Yeşilyurt,Super Lig,D,10,0,0,,0.0,0.0,
Samet Karakoc,Super Lig,D,586,0,3,0.5547,0.0,0.4607508532423208,-0.5547
Bahadır Öztürk,Super Lig,D,139,0,0,,0.0,0.0,
Julián Cuesta,Super Lig,G,1260,0,0,,0.0,0.0,
Abdullah Yiğiter,Super Lig,G,990,0,0,,0.0,0.0,
Umut Bozok,Super Lig,F,1311,4,0,4.2614,0.2745995423340961,0.0,-0.2614000000000001
Lenny Pintor,Super Lig,F,483,0,0,0.5617,0.0,0.0,-0.5617
Metehan Altunbaş,Super Lig,F,386,3,0,2.0318,0.6994818652849741,0.0,0.9682
Christ Sadia,Super Lig,F,22,0,0,,0.0,0.0,
Mateusz Łęgowski,Super Lig,M,918,0,1,0.4672,0.0,0.09803921568627452,-0.4672
Ángel Torres,Super Lig,M,260,0,1,0.1958,0.0,0.34615384615384615,-0.1958
Emre Akbaba,Super Lig,M,811,3,0,2.668,0.33292231812577067,0.0,0.33199999999999985
Dorin Rotariu,Super Lig,M,63,0,0,0.0432,0.0,0.0,-0.0432
Baran Ali Gezek,Super Lig,M,638,0,0,0.1955,0.0,0.0,-0.1955
Taşkın Ilter,Super Lig,M,603,0,0,0.0843,0.0,0.0,-0.0843
Charles-Andre Raux Yao,Super Lig,M,68,1,0,0.3943,1.3235294117647058,0.0,0.6057
Calegari,Super Lig,D,961,0,1,0.2853,0.0,0.09365244536940688,-0.2853
Jérôme Onguene,Super Lig,D,630,0,2,0.0928,0.0,0.2857142857142857,-0.0928
Luccas Claro,Super Lig,D,842,0,0,0.4999,0.0,0.0,-0.4999
Umut Meraş,Super Lig,D,946,0,1,0.2103,0.0,0.09513742071881608,-0.2103
Denis Radu,Super Lig,D,102,0,1,,0.0,0.8823529411764706,
Talha Ülvan,Super Lig,D,684,1,0,0.2776,0.13157894736842105,0.0,0.7223999999999999
Bedirhan Özyurt,Super Lig,D,218,0,0,,0.0,0.0,
Arda Yavuz,Super Lig,D,65,0,0,,0.0,0.0,
Marcos Felipe,Super Lig,G,1440,0,0,,0.0,0.0,
Jankat Yılmaz,Super Lig,G,630,0,0,,0.0,0.0,
Cenk Tosun,Super Lig,F,419,1,1,0.643,0.21479713603818618,0.21479713603818618,0.357
Adrian Benedyczak,Super Lig,F,394,2,1,1.628,0.45685279187817257,0.22842639593908629,0.3720000000000001
Pape Habib Gueye,Super Lig,F,1530,5,0,4.9199,0.29411764705882354,0.0,0.08009999999999984
Yusuf Barası,Super Lig,F,285,0,0,0.1547,0.0,0.0,-0.1547
Kubilay Kanatsızkuş,Super Lig,F,622,1,1,0.7695,0.14469453376205788,0.14469453376205788,0.23050000000000004
İrfan Can Kahveci,Super Lig,M,943,1,2,1.6051,0.09544008483563098,0.19088016967126195,-0.6051
Kerem Demirbay,Super Lig,M,1753,1,0,1.3252,0.05134055904164289,0.0,-0.32519999999999993
Eyüp Aydın,Super Lig,M,372,0,0,0.3746,0.0,0.0,-0.3746
Mortadha Ben Ouanes,Super Lig,M,1686,1,5,1.5631,0.05338078291814947,0.2669039145907473,-0.5630999999999999
Haris Hajradinović,Super Lig,M,554,2,0,1.9277,0.3249097472924188,0.0,0.07230000000000003
Fousseni Diabaté,Super Lig,M,1195,1,1,1.5657,0.07531380753138076,0.07531380753138076,-0.5657000000000001
Jim Allevinah,Super Lig,M,169,1,0,0.7629,0.5325443786982248,0.0,0.23709999999999998
Andri Baldursson,Super Lig,M,2003,0,1,0.5698,0.0,0.044932601098352475,-0.5698
Cafú,Super Lig,M,713,0,1,0.5541,0.0,0.12622720897615708,-0.5541
Ali Yavuz Kol,Super Lig,M,720,0,0,1.04,0.0,0.0,-1.04
Rodrigo Becão,Super Lig,D,540,0,0,0.0925,0.0,0.0,-0.0925
Adem Arous,Super Lig,D,893,1,0,0.3042,0.10078387458006718,0.0,0.6958
Nicholas Opoku,Super Lig,D,2070,0,0,0.396,0.0,0.0,-0.396
Godfried Frimpong,Super Lig,D,1843,0,1,0.1076,0.0,0.048833423765599564,-0.1076
Cláudio Winck,Super Lig,D,1672,3,1,2.3796,0.16148325358851676,0.053827751196172245,0.6204000000000001
Emre Taşdemir,Super Lig,D,65,0,0,,0.0,0.0,
Kamil Ahmet Çörekçi,Super Lig,D,257,0,0,,0.0,0.0,
Taylan Utku Aydın,Super Lig,D,21,0,0,,0.0,0.0,
Andreas Gianniotis,Super Lig,G,2250,0,0,,0.0,0.0,
Fedor Chalov,Super Lig,F,209,0,0,0.6773,0.0,0.0,-0.6773
German Onugkha,Super Lig,F,1475,6,0,6.744,0.36610169491525424,0.0,-0.7439999999999998
Indrit Tuci,Super Lig,F,558,2,0,2.5092,0.3225806451612903,0.0,-0.5091999999999999
Talha Sariarslan,Super Lig,F,119,2,2,0.5097,1.5126050420168067,1.5126050420168067,1.4903
Nurettin Korkmaz,Super Lig,F,163,0,1,0.0275,0.0,0.5521472392638037,-0.0275
László Bénes,Super Lig,M,1845,4,2,2.0832,0.1951219512195122,0.0975609756097561,1.9167999999999998
Burak Kapacak,Super Lig,M,252,0,1,0.0139,0.0,0.3571428571428571,-0.0139
Sam Mather,Super Lig,M,10,0,0,,0.0,0.0,
Youssef Aït Bennasser,Super Lig,M,1021,0,0,0.0811,0.0,0.0,-0.0811
Carlos Mané,Super Lig,M,987,0,1,1.4295,0.0,0.09118541033434652,-1.4295
Miguel Cardoso,Super Lig,M,2045,2,2,4.4505,0.08801955990220048,0.08801955990220048,-2.4505
João Mendes,Super Lig,M,1273,0,4,1.3227,0.0,0.2827965435978005,-1.3227
Denis Makarov,Super Lig,M,148,0,0,0.1642,0.0,0.0,-0.1642
Dorukhan Toköz,Super Lig,M,972,0,0,0.302,0.0,0.0,-0.302
Görkem Sağlam,Super Lig,M,89,0,0,0.0358,0.0,0.0,-0.0358
Furkan Soyalp,Super Lig,M,1277,1,0,1.0986,0.07047768206734534,0.0,-0.09860000000000002
Yiğit Emre Çeltik,Super Lig,M,18,0,0,,0.0,0.0,
Ramazan Civelek,Super Lig,M,1662,0,2,0.3724,0.0,0.10830324909747292,-0.3724
Mehmet Eray Özbek,Super Lig,M,138,0,0,0.02,0.0,0.0,-0.02
Majid Hosseini,Super Lig,D,270,0,0,,0.0,0.0,
Jadel Katongo,Super Lig,D,53,0,0,,0.0,0.0,
Stefano Denswil,Super Lig,D,2047,1,0,1.3442,0.04396678065461651,0.0,-0.34420000000000006
Joshua Brenet,Super Lig,D,283,0,0,0.5358,0.0,0.0,-0.5358
Semih Güler,Super Lig,D,1251,0,0,0.5872,0.0,0.0,-0.5872
Lionel Carole,Super Lig,D,1542,0,0,,0.0,0.0,
Kayra Cihan,Super Lig,D,93,0,0,,0.0,0.0,
Abdulsamet Burak,Super Lig,D,384,0,0,,0.0,0.0,
Deniz Eren Dönmezer,Super Lig,G,90,0,0,,0.0,0.0,
Bilal Bayazit,Super Lig,G,1710,0,0,,0.0,0.0,
Onurcan Piri,Super Lig,G,360,0,0,,0.0,0.0,
Daniele Verde,Super Lig,F,256,1,1,0.7412,0.3515625,0.3515625,0.25880000000000003
Tiago Cukur,Super Lig,F,1090,1,2,2.5857,0.08256880733944955,0.1651376146788991,-1.5857
Ahmed Traore,Super Lig,F,177,1,0,0.6028,0.5084745762711864,0.0,0.3972
Baris Kalayci,Super Lig,F,915,1,2,1.887,0.09836065573770492,0.19672131147540983,-0.887
Abdul Kader Moussa Kone,Super Lig,F,31,0,0,0.0285,0.0,0.0,-0.0285
Tarik Bugra Kalpakli,Super Lig,F,292,0,0,0.1405,0.0,0.0,-0.1405
Ahmet Sivri,Super Lig,F,302,0,0,0.4274,0.0,0.0,-0.4274
Bartuğ Elmaz,Super Lig,M,463,0,0,0.2367,0.0,0.0,-0.2367
Matías Kranevitter,Super Lig,M,1288,1,0,0.8776,0.06987577639751552,0.0,0.12239999999999995
Serginho,Super Lig,M,1619,5,1,3.8848,0.2779493514515133,0.055589870290302656,1.1152000000000002
Sam Larsson,Super Lig,M,1056,1,3,2.2426,0.08522727272727273,0.2556818181818182,-1.2426
Berkay Özcan,Super Lig,M,1726,0,1,1.3549,0.0,0.05214368482039397,-1.3549
Daniel Johnson,Super Lig,M,979,1,3,0.7535,0.09193054136874362,0.2757916241062308,0.24650000000000005
João Camacho,Super Lig,M,324,0,0,0.3902,0.0,0.0,-0.3902
Tuğbey Akgün,Super Lig,M,8,0,0,,0.0,0.0,
Filip Mladenović,Super Lig,D,427,1,0,0.3624,0.2107728337236534,0.0,0.6376
Igor Lichnovsky,Super Lig,D,450,0,0,0.1069,0.0,0.0,-0.1069
Ricardo Esgaio,Super Lig,D,1368,0,0,0.0552,0.0,0.0,-0.0552
Davide Biraschi,Super Lig,D,515,0,0,0.1719,0.0,0.0,-0.1719
Çağtay Kurukalıp,Super Lig,D,874,0,2,0.169,0.0,0.20594965675057209,-0.169
Anıl Yiğit Çınar,Super Lig,D,798,1,0,0.5152,0.11278195488721804,0.0,0.4848
Burhan Ersoy,Super Lig,D,8,0,0,,0.0,0.0,
Muhammed Kadıoğlu,Super Lig,D,585,0,0,0.0963,0.0,0.0,-0.0963
Fatih Kurucuk,Super Lig,D,227,0,0,,0.0,0.0,
Ivo Grbić,Super Lig,G,2250,0,0,,0.0,0.0,
